"pos","player.y","club","total","league","notes","new_team","SBapp","player_id","check_needed","pos_mismatch"
"D","NICO O'REILLY","Manchester City",9,"PL","CL",,45,145087,,
"D","MALACHI FAGAN-WALCOTT","York",8,"L2","P",,49,143882,TRUE,
"D","RYAN MANNING","Southampton",8,"CH",,,51,100390,,
"D","VIRGIL VAN DIJK","Liverpool",8,"PL",,,43,59442,,
"D","ADAM SENIOR","Barnet",7,"L2",,,48,123243,,
"D","OMAR SOWUNMI","Bromley",7,"L1","P",,43,78528,,
"D","TAYLOR HARWOOD-BELLIS","Southampton",7,"CH",,,48,116341,,
"D","ADEBOLA OLUWO","Salford",6,"L2",,,42,134897,,
"D","JAMES GIBBONS","Cambridge",6,"L1","P","Notts County",43,94209,,
"D","KELL WATTS","Cambridge",6,"L1","P",,50,115858,,
"D","KYRAN LOFTHOUSE","Burton",6,"L1",,,50,118938,,
"D","MARVIN EKPITETA","Milton Keynes",6,"L1","P","Milton Keynes Dons",44,87268,,
"D","MICKY VAN DE VEN","Tottenham",6,"PL",,,36,144519,,
"D","PERRY NG","Cardiff",6,"CH","P",,39,76805,,
"D","TENDAYI DARIKWA","Lincoln",6,"CH","P",,49,55808,,
"D","CRISTIAN ROMERO","Tottenham",5,"PL",,,23,114081,,
"D","DANIEL MUÑOZ","Crystal Palace",5,"PL",,,46,124929,,
"D","HARRISON BURROWS","Sheffield United",5,"CH",,,45,107549,,
"D","JAMES BREE","Southampton",5,"CH",,,46,75858,,
"D","MALICK THIAW","Newcastle",5,"PL",,,43,129588,,
"D","MARC GUÉHI","Manchester City",5,"PL","CL",,51,109235,,
"D","NATHAN SMITH","Tranmere",5,"L2",,,48,75652,,
"D","PRIESTLEY FARQUHARSON","Walsall",5,"L2",,"Crawley",31,118589,,
"D","TERRY DEVLIN","Portsmouth",5,"CH",,,40,134838,,TRUE
"D","ADAM REACH","Lincoln",4,"CH","P",,32,59372,,TRUE
"D","BRENDAN WIREDU","Plymouth",4,"CH",,,38,118599,,TRUE
"D","EVAN WEIR","Walsall",4,"L2",,"Peterborough",33,136286,,
"D","GEORGE CAMPBELL","West Bromwich",4,"CH",,"West Bromwich Albion",41,121885,,
"D","JAKE COOPER","Millwall",4,"CH",,,49,74273,,
"D","JURRIËN TIMBER","Arsenal",4,"PL","CL",,36,121666,,
"D","LASSE SØRENSEN","Huddersfield",4,"L1",,,46,107523,,
"D","LUKE GARBUTT","Salford",4,"L2",,,51,53091,,
"D","MARK KITCHING","York",4,"L2","P",,1,75594,,
"D","MATHIAS ROSS","Plymouth",4,"CH",,,40,115562,,
"D","MATT TARGETT","Middlesbrough",4,"CH",,"Hull",46,72639,,
"D","MICKEY DEMETRIOU","Crewe",4,"L2",,,39,58275,,
"D","PATRICK DORGU","Manchester United",4,"PL","CL",,28,181342,,
"D","REECE HUTCHINSON","Crewe",4,"L2",,,46,111717,,
"D","ROB ATKINSON","Bristol City",4,"CH",,,26,108814,,
"D","RYAN JOHNSON","Wimbledon",4,"L1",,,43,73680,,
"D","SANTIAGO BUENO","Wolves",4,"CH","R",,34,105564,,
"D","TOM SANG","Shrewsbury",4,"L2",,,39,128574,,
"D","WILL BOYLE","Shrewsbury",4,"L2",,,46,76329,,
"D","ALEX HARTRIDGE","Burton",3,"L1",,"Plymouth",43,101667,,
"D","ALEX MITCHELL","Plymouth",3,"CH",,,43,138997,,
"D","ANDREW ROBERTSON","Liverpool",3,"PL",,,29,65797,TRUE,
"D","BEN WILMOT","Stoke",3,"CH",,,37,97353,,
"D","BOBBY THOMAS","Coventry",3,"PL","P",,35,130140,,
"D","CALEB TAYLOR","Millwall",3,"CH",,,30,134566,,
"D","CALLUM DOYLE","Wrexham",3,"CH",,,39,136373,,
"D","CALUM CHAMBERS","Cardiff",3,"CH","P",,30,66152,,
"D","CAMERON MCJANNET","Grimsby",3,"L2",,,55,96572,,
"D","CAMERON NORMAN","Tranmere",3,"L2",,"Newport County",40,88887,,
"D","CARL PIERGIANNI","Stevenage",3,"L1",,,45,54258,,
"D","CÉDRIC KIPRÉ","Ipswich",3,"PL","P",,35,88113,,
"D","CHRISTOPH KLARER","Birmingham",3,"CH",,,46,107794,,
"D","CIARON BROWN","Oxford",3,"L1","R",,38,94472,,
"D","CONNOR BARRETT","Walsall",3,"L2",,"Wigan",37,144192,,
"D","DAEL FRY","Middlesbrough",3,"CH",,"Birmingham",34,86870,,
"D","DAN CASEY","Wycombe",3,"L1",,,28,96486,,
"D","DANNY COLLINGE","Barnet",3,"L2",,,45,74869,,
"D","DEJI ELEREWE","Bromley",3,"L1","P","Lincoln",31,143709,,
"D","DENZEL HALL","Rotherham",3,"L2","R",,30,121681,,
"D","EOIN TOAL","Bolton",3,"CH","P",,41,105812,,
"D","HARVEY RODGERS","Grimsby",3,"L2",,,55,95743,,
"D","JACK GRIMMER","Wycombe",3,"L1",,,43,53589,,
"D","JAMES CONNOLLY","Crewe",3,"L2",,"Walsall",43,149130,,
"D","JAMES JUSTIN","Leeds",3,,,,36,89577,,
"D","JAN PAUL VAN HECKE","Brighton",3,"PL","ECL","Tottenham",40,116885,,
"D","JANNIK VESTERGAARD","Leicester",3,"L1","R",,32,58181,,
"D","JAYDEN JOSEPH","Tranmere",3,"L2",,"Leicester",31,171217,,TRUE
"D","JAYDEN SWEENEY","Grimsby",3,"L2",,,31,122977,,
"D","JEREMY NGAKIA","Watford",3,"CH",,,34,117105,,
"D","JIMMY DUNNE","Qpr",3,"CH",,,40,104226,,
"D","JOE RAFFERTY","Rotherham",3,"L2","R",,44,66012,,
"D","JOE WRIGHT","Bradford",3,"L1",,,32,73429,,
"D","JOHN EGAN","Hull",3,"CH","P",,47,62920,,
"D","JORDI OSEI-TUTU","Bolton",3,"CH","P",,41,108548,,
"D","KAL NAISMITH","Luton",3,"L1",,,40,62081,,
"D","KONSTANTINOS MAVROPANOS","West Ham",3,"CH","R",,35,95481,,
"D","LEWIS FREESTONE","Stevenage",3,"L1",,,33,96031,,
"D","LEWIS SHIPLEY","Barrow",3,"NL","R",,27,166509,TRUE,
"D","LIAM LINDSAY","Preston",3,"CH",,,28,71286,,
"D","LUCA HOOLE","Shrewsbury",3,"L2",,,38,123218,,
"D","LUCAS NESS","Notts County",3,"L1","P",,31,145981,,
"D","LUKE OFFORD","Milton Keynes",3,"L1","P","Crewe",45,109180,,
"D","MALO GUSTO","Chelsea",3,"PL",,,42,134991,,
"D","MARCUS IFILL","Bromley",3,"L1","P",,42,124487,,TRUE
"D","MATT CLARKE","Derby",3,"CH",,,46,74339,,
"D","MATTY CASH","Aston Villa",3,"PL","CL",,49,90314,,
"D","MAX CLARK","Gillingham",3,"L2",,,43,90682,,
"D","MAX CLEWORTH","Wrexham",3,"CH",,,45,125237,,
"D","MAXENCE LACROIX","Crystal Palace",3,"PL",,"Chelsea",55,122692,,
"D","MICHAEL KEANE","Everton",3,"PL",,,35,62462,,
"D","NAT PHILLIPS","West Bromwich",3,"CH",,,29,49017,TRUE,
"D","NIALL CANAVAN","Barrow",3,"NL","R",,27,105846,TRUE,
"D","NORDI MUKIELE","Sunderland",3,"PL","EL",,35,95035,,
"D","PAUDIE O'CONNOR","Reading",3,"L1",,,36,107311,,
"D","PHIL NEUMANN","Birmingham",3,"CH",,,35,95767,,
"D","ROSS MCCRORIE","Bristol City",3,"CH",,,23,56987,TRUE,
"D","RYAN LEONARD","Millwall",3,"CH",,,28,53497,,TRUE
"D","RYAN SESSEGNON","Fulham",3,"PL",,,31,94024,,TRUE
"D","SONDRE LANGÅS","Derby",3,"CH",,,25,181025,,
"D","SONNY BRADLEY","Lincoln",3,"CH","P",,48,58162,,
"D","STEPHEN MCLAUGHLIN","Mansfield",3,"L1",,,48,58545,,
"D","THIERRY SMALL","Preston",3,"CH",,,44,137557,,
"D","TREVOH CHALOBAH","Chelsea",3,"PL",,,39,96784,,
"D","TRISTAN CRAMA","Millwall",3,"CH",,,50,168588,,
"D","TYRICK MITCHELL","Crystal Palace",3,"PL",,,55,128033,,
"D","ADEN BALDWIN","Bradford",2,"L1",,,37,78008,,
"D","ADEN FLINT","Walsall",2,"L2",,,48,50198,,
"D","ALFIE POND","Crewe",2,"L2",,"Chesterfield",19,134572,,
"D","AMADOU MBENGUE","Qpr",2,"CH",,,42,144468,,
"D","ANDRE GARCIA","Reading",2,"L1",,,13,196251,,
"D","BEN CHRISENE","Norwich",2,"CH",,"Norwich City",26,124213,,
"D","BEN JOHNSON","Ipswich",2,"PL","P",,20,97116,,
"D","BENN WARD","Accrington",2,"L2",,"Reading",34,181536,,
"D","BRAD POTTS","Preston",2,"CH",,,17,66008,,TRUE
"D","BRENDAN GALLOWAY","Plymouth",2,"CH",,,24,63197,,
"D","CAMERON BURGESS","Swansea",2,"CH",,,51,76793,,
"D","CAMERON EVANS","Newport",2,"L2",,"Newport County",38,115468,,
"D","CHANSE HEADMAN","Harrogate",2,"NL","R","Bromley",16,195941,,
"D","CHRIS RICHARDS","Crystal Palace",2,"PL",,,50,111665,,
"D","COHEN BRAMALL","Luton",2,"L1",,"Milton Keynes Dons",32,104461,,
"D","CONNOR HALL","Port Vale",2,"L2","R",,45,95380,,
"D","CONNOR TAYLOR","Wycombe",2,"L1",,,35,137154,,
"D","CONOR MASTERSON","Gillingham",2,"L2",,,12,89682,,
"D","CONOR SHAUGHNESSY","Portsmouth",2,"CH",,,20,106486,,
"D","CURTIS NELSON","Milton Keynes",2,"L1","P","Milton Keynes Dons",20,54429,,
"D","DAN BALLARD","Sunderland",2,"PL","EL",,31,116942,,
"D","DAN BURN","Newcastle",2,"PL",,,33,52681,,
"D","DAN SWEENEY","Stevenage",2,"L1",,"Wimbledon",29,89616,,
"D","DANNY IMRAY","Blackpool",2,"L1",,"Wrexham",32,129185,,
"D","DAVID MØLLER WOLFE","Wolves",2,"CH","R",,26,137780,,
"D","DYLAN LAWLOR","Cardiff",2,"CH","P",,35,191855,,
"D","EZRE KONSA","Aston Villa",2,"PL","CL",,48,89575,,
"D","FARREND RAWSON","Accrington",2,"L2",,,36,77612,,
"D","FINLEY MUNROE","Swindon",2,"L2",,"Middlesbrough",27,180653,,
"D","HARRISON BURKE","Walsall",2,"L2",,,23,137366,,
"D","HARRY MAGUIRE","Manchester United",2,"PL","CL",,25,58712,,
"D","HAYDEN CARTER","Blackburn",2,"CH",,,10,129271,,
"D","IBANE BOWAT","Portsmouth",2,"CH",,,18,179271,,
"D","IBRAHIMA KONATÉ","Liverpool",2,"PL",,,18,174838,TRUE,
"D","IDRIS ODUTAYO","Bromley",2,"L1","P",,47,97162,TRUE,
"D","JACK ARMER","Burton",2,"L1",,,40,122960,,
"D","JACK SANDERS","Milton Keynes",2,"L1","P","Milton Keynes Dons",39,128431,,
"D","JACK SIMPSON","Leyton Orient",2,"L1",,"Chesterfield",37,89954,,
"D","JACK SPARKES","Bristol Rovers",2,"L2",,,43,103566,,
"D","JACK STACEY","Norwich",2,"CH",,"Norwich City",39,76364,,
"D","JACK STEPHENS","Southampton",2,"CH",,,32,56993,,
"D","JACK TUCKER","Colchester",2,"L2",,,48,108267,,
"D","JAHEIM HEADLEY","Port Vale",2,"L2","R",,33,125347,,
"D","JAKE LEAKE","Oldham",2,"L2",,"Colchester",10,136739,,
"D","JAMES BOLTON","Fleetwood",2,"L2",,,22,63184,,
"D","JAMES DORNELLY","Peterborough",2,"L1",,,32,182805,,
"D","JAMES MORRIS","Leyton Orient",2,"L1",,,20,126312,,
"D","JAMES TARKOWSKI","Everton",2,"PL",,,40,58187,,
"D","JAYDEN BOGLE","Leeds",2,,,,39,96022,,
"D","JEREMIE FRIMPONG","Liverpool",2,"PL",,,26,116337,,
"D","JERIEL DORSETT","Reading",2,"L1",,,41,128859,,
"D","JOE LOW","Huddersfield",2,"L1",,,29,144288,,
"D","JOE RANKIN-COSTELLO","Charlton",2,"CH",,,26,96141,,TRUE
"D","JOE RODON","Leeds",2,,,,38,89709,,
"D","JORDAN GABRIEL","Port Vale",2,"L2","R",,16,94452,TRUE,
"D","JORDAN STOREY","Preston",2,"CH",,,45,94515,,
"D","JORREL HATO","Chelsea",2,"PL",,,32,170914,,
"D","JOSEPH OLOWU","Stockport",2,"L1",,"Leyton Orient",34,116147,,
"D","JOSH ACHEAMPONG","Chelsea",2,"PL",,,25,182542,,
"D","JOSH KEY","Swansea",2,"CH",,,34,107531,,
"D","JOSH RUFFELS","Shrewsbury",2,"L2",,,31,58269,,
"D","JOSKO GVARDIOL","Manchester City",2,"PL","CL",,20,124784,,
"D","KAINE KESLER-HAYDEN","Coventry",2,"PL","P",,24,138308,,
"D","KOFI BALMER","Bristol Rovers",2,"L2",,,22,102639,,
"D","KYLE CAMERON","Bromley",2,"L1","P","Newport County",19,89796,,
"D","KYLE MCFADZEAN","Chesterfield",2,"L2",,,42,42176,,
"D","LADISLAV KREJČÍ","Wolves",2,"CH","R",,32,106063,,
"D","LEIF DAVIS","Ipswich",2,"PL","P",,38,117236,,
"D","LEWIS MILLER","Blackburn",2,"CH",,,31,114074,,
"D","LIAM BENNETT","Cambridge",2,"L1","P",,46,143435,,
"D","LIAM KITCHING","Coventry",2,"PL","P",,41,110111,,
"D","LYNDEN GOOCH","Huddersfield",2,"L1",,,35,81463,,
"D","MACAULAY GILLESPHEY","Charlton",2,"CH",,"Bradford",38,88091,,
"D","MADS ANDERSEN","Luton",2,"L1",,,34,82231,,
"D","MAMADOU JOBE","Cambridge",2,"L1","P",,45,143436,,
"D","MANNY MONTHE","Oldham",2,"L2",,,49,75406,,
"D","MARC BOLA","Watford",2,"CH",,,39,98404,,
"D","MASON HANCOCK","Walsall",2,"L2",,,18,142727,,
"D","MATS WIEFFER","Brighton",2,"PL","ECL",,28,120933,,TRUE
"D","MATTHEW PENNINGTON","Bradford",2,"L1",,,31,70729,,
"D","MATTY PEARSON","Doncaster",2,"L1",,,34,63549,,
"D","MAX DYCHE","Northampton",2,"L2","R",,38,134029,,
"D","MAXIM DE CUYPER","Brighton",2,"PL","ECL",,31,128768,,
"D","MILOS KERKEZ","Liverpool",2,"PL",,,39,141919,,
"D","MURILLO","Nottingham Forest",2,"PL",,,38,159346,,
"D","NECO WILLIAMS","Nottingham Forest",2,"PL",,,53,123801,,
"D","NESTA GUINNESS-WALKER","Northampton",2,"L2","R",,41,87214,TRUE,
"D","NICOLÒ SAVONA","Nottingham Forest",2,"PL",,,20,145391,,
"D","NIGEL LONWIJK","Luton",2,"L1",,"Wolves",39,134162,,
"D","OLIVER SONNE","Burnley",2,"CH","R",,12,140984,,
"D","OLLIE TURTON","Salford",2,"L2",,,44,54530,,
"D","PEDRO PORRO","Tottenham",2,"PL",,,37,109228,,
"D","PHILLIP CHINEDU","Barnet",2,"L2",,"Leyton Orient",18,191775,,
"D","PIERCE SWEENEY","Exeter",2,"L2","R","Cheltenham",43,64230,,
"D","REECE JAMES","Chelsea",2,"PL",,"Rotherham",41,70735,,
"D","REECE JAMES","Chelsea",2,"PL",,,31,99408,,
"D","REECE STAUNTON","Grimsby",2,"L2",,,46,108938,,
"D","RICARDO PEREIRA","Leicester",2,"L1","R",,39,64086,,
"D","RICO LEWIS","Manchester City",2,"PL","CL",,18,144394,,
"D","ROBBIE CUNDY","Cheltenham",2,"L2",,,28,86067,,
"D","RONAN KPAKIO","Cardiff",2,"CH","P",,37,196409,,
"D","RÚBEN DIAS","Manchester City",2,"PL","CL",,26,90383,,
"D","RYAN SWEENEY","Mansfield",2,"L1",,,36,79065,,
"D","RYAN TAFAZOLLI","Swindon",2,"L2",,,23,52468,,
"D","RYAN YATES","Nottingham Forest",2,"PL",,,35,95788,,TRUE
"D","SAM CURTIS","Chesterfield",2,"L2",,"Sheffield United",25,144733,,
"D","SAM SHERRING","Cheltenham",2,"L2",,"Rochdale",24,134422,,
"D","SAM STUBBS","Shrewsbury",2,"L2",,,31,100007,,
"D","SHANE MCLOUGHLIN","Cambridge",2,"L1","P",,26,89817,,TRUE
"D","SVEN BOTMAN","Newcastle",2,"PL",,,30,112740,,
"D","TAYO EDUN","Stockport",2,"L1",,,28,94197,,
"D","TOM HAMER","Lincoln",2,"CH","P",,47,107534,,
"D","TOSIN ADARABIOYO","Chelsea",2,"PL",,,24,89269,,
"D","TRAI HUME","Sunderland",2,"PL","EL",,40,122137,,
"D","UDOKA GODWIN-MALIFE","Burton",2,"L1",,"Reading",40,109597,,
"D","WILL AIMSON","Wigan",2,"L1",,"Salford",49,74874,,
"D","WILL FISH","Cardiff",2,"CH","P",,43,125652,,
"D","WILL SUTTON","Oldham",2,"L2",,,27,134165,,
"D","ZAK SWANSON","Portsmouth",2,"CH",,,35,124896,,
"D","ZECH MEDLEY","Bromley",2,"L1","P","York",32,116138,,
"D","AARON HICKEY","Brentford",1,"PL",,,26,117826,,
"D","ADAM LEWIS","Chesterfield",1,"L2",,,40,96407,TRUE,
"D","ADRIEN TRUFFERT","Bournemouth",1,"PL","EL",,39,132103,,
"D","AKIN FAMEWO","Hull",1,"CH","P","Bolton",17,94745,,
"D","ALEX BANGURA","Middlesbrough",1,"CH",,,13,140157,,
"D","ALEX COCHRANE","Birmingham",1,"CH",,,23,100072,,
"D","ÁLEX JIMÉNEZ","Bournemouth",1,"PL","EL",,43,69582,TRUE,
"D","ALFIE JONES","Middlesbrough",1,"CH",,,23,93986,,
"D","ALFIE KILGOUR","Bristol Rovers",1,"L2",,,37,87981,,
"D","ANDERS HAGELSKJÆR","Wycombe",1,"L1",,,30,121826,,
"D","ANDREW HUGHES","Preston",1,"CH",,,41,57881,,
"D","ANDY SMITH","Gillingham",1,"L2",,,38,129219,,
"D","ANTHONY GLENNON","Newport",1,"L2",,"Newport County",23,120059,,
"D","ANTHONY O'CONNOR","Harrogate",1,"NL","R",,23,120059,TRUE,
"D","ANTONEE ROBINSON","Fulham",1,"PL",,,26,85572,,
"D","AXEL DISASI","West Ham",1,"CH","R","Chelsea",17,106134,,
"D","AXEL TUANZEBE","Burnley",1,"CH","R",,16,88881,,
"D","BAILY CARGILL","Mansfield",1,"L1",,,24,72997,,
"D","BEN CABANGO","Swansea",1,"CH",,,47,114570,,
"D","BEN DAVIES","Tottenham",1,"PL",,,4,65492,,
"D","BEN GIBSON","Stoke",1,"CH",,,15,54425,,
"D","BEN JACKSON","Barrow",1,"NL","R",,34,80601,TRUE,
"D","BEN NELSON","Leicester",1,"L1","R",,27,133485,,
"D","BEN WHITE","Arsenal",1,"PL","CL",,19,94482,,
"D","BILLY KIRKMAN","Swindon",1,"L2",,,12,162937,,
"D","BOSUN LAWAL","Stoke",1,"CH",,,30,141665,,
"D","BRAD HALLIDAY","Bradford",1,"L1",,,28,136743,TRUE,
"D","BRAD HILLS","Stockport",1,"L1",,,28,136743,,
"D","BRODIE SPENCER","Oxford",1,"L1","R",,33,161296,,
"D","CALEB OKOLI","Leicester",1,"L1","R",,31,117911,,
"D","CALLUM CONNOLLY","Stockport",1,"L1",,"Bradford",19,90311,,TRUE
"D","CALLUM ELDER","Derby",1,"CH",,"Lincoln",30,74272,,
"D","CALLUM HOWE","York",1,"L2","P",,46,101597,TRUE,
"D","CALVIN BASSEY","Fulham",1,"PL",,,32,107783,,
"D","CAMERON HUMPHREYS","Port Vale",1,"L2","R",,45,86056,,
"D","CAMERON HUMPHREYS","Port Vale",1,"L2","R","Ipswich",25,143953,,TRUE
"D","CHARLIE BARKER","Crawley",1,"L2",,,45,133117,,
"D","CHARLIE GOODE","Stevenage",1,"L1",,"Milton Keynes Dons",44,86099,,
"D","CHARLIE HUGHES","Hull",1,"CH","P",,43,144513,,
"D","CHEY DUNKLEY","Chesterfield",1,"L2",,,31,66137,,
"D","CHRIS FORINO","Bolton",1,"CH","P",,33,144515,,
"D","CHRIS MEPHAM","West Bromwich",1,"CH",,"West Bromwich Albion",26,100492,,
"D","CONNOR OGILVIE","Portsmouth",1,"CH",,,33,75116,,
"D","CONOR COADY","Charlton",1,"CH",,"Wrexham",18,58424,,
"D","CONOR MCCARTHY","Northampton",1,"L2","R",,31,92935,,
"D","CRAIG FORSYTH","Derby",1,"CH",,,22,45364,,
"D","DANIEL HARVIE","Wycombe",1,"L1",,,48,80674,,
"D","DANNY ANDREW","Exeter",1,"L2","R","Fleetwood",29,71461,,
"D","DANNY IMRAY","West Bromwich",1,"CH",,"Wrexham",32,129185,,
"D","DARA O'SHEA","Ipswich",1,"PL","P",,47,96131,,
"D","DARNELL FURLONG","Ipswich",1,"PL","P",,43,80303,,
"D","DECLAN SKURA","Wycombe",1,"L1",,"Walsall",5,182800,,
"D","DEMETRI MITCHELL","Leyton Orient",1,"L1",,,30,102785,,TRUE
"D","DEVON MATTHEWS","Accrington",1,"L2",,,45,164218,,
"D","DIOGO DALOT","Manchester United",1,"PL","CL",,36,106203,,
"D","DION SANDERSON","Derby",1,"CH",,,40,122139,,
"D","DOMINIC HYAM","Wrexham",1,"CH",,,47,82426,,
"D","DOMINIC IORFA","Sheffield Wednesday",1,"L1","R",,34,74586,,
"D","DONALD LOVE","Accrington",1,"L2",,,39,88249,,
"D","DONERVON DANIELS","Oldham",1,"L2",,,41,68398,,
"D","DYLAN WILLIAMS","Burton",1,"L1",,,31,93705,TRUE,
"D","EIRAN CASHIN","Blackburn",1,"CH",,"Brighton",32,139071,,
"D","ELLIS IANDOLO","Colchester",1,"L2",,,22,86929,,
"D","EMMANUEL ADEGBOYEGA","Rotherham",1,"L2","R",,11,167565,,
"D","EOGHAN O'CONNELL","Barnsley",1,"L1",,"Stockport",28,74115,,
"D","FABIAN SCHÄR","Newcastle",1,"PL",,,18,65436,,
"D","FEMI SERIKI","Sheffield United",1,"CH",,,39,117664,,
"D","FERDI KADIOĞLU","Brighton",1,"PL","ECL",,42,94149,,
"D","FILOZOFE MABETE","Swindon",1,"L2",,,29,144554,,
"D","FINLEY POTTER","Fleetwood",1,"L2",,,32,174808,,
"D","FRAZER BLAKE-TRACY","Mansfield",1,"L1",,,47,122968,,
"D","FREDDIE SASS","Accrington",1,"L2",,,31,179689,,
"D","GABRIEL GUDMUNDSSON","Leeds",1,,,,35,100687,,
"D","GABRIEL OTEGBAYO","Sheffield Wednesday",1,"L1","R",,38,195240,,
"D","GEORGE JOHNSTON","Bolton",1,"CH","P","Luton",47,114343,,
"D","GETHIN JONES","Milton Keynes",1,"L1","P","Milton Keynes Dons",37,79779,,
"D","GUILHERME SIQUEIRA","Sheffield Wednesday",1,"L1","R",,2,187365,,
"D","HAMISH DOUGLAS","Rotherham",1,"L2","R",,11,169924,,TRUE
"D","HARRISON HOLGATE","Fleetwood",1,"L2",,,23,116549,,
"D","HARRY AMASS","Norwich",1,"CH",,"Manchester United",22,172172,,
"D","HARRY DARLING","Norwich",1,"CH",,"Norwich City",38,97122,,
"D","HAYDEN COULSON","Blackpool",1,"L1",,,36,85451,,
"D","HAYDON ROBERTS","Reading",1,"L1",,,27,114389,,
"D","HUGO BUENO","Wolves",1,"CH","R",,38,134164,,
"D","IAN MAATSEN","Aston Villa",1,"PL","CL",,44,116348,,
"D","IBOU TOURAY","Bradford",1,"L1",,,48,70731,,
"D","ISSA DIOP","Fulham",1,"PL",,"Ipswich",18,89224,,
"D","JACK FITZWATER","Exeter",1,"L2","R",,32,87987,,
"D","JACK MCMILLAN","Exeter",1,"L2","R",,32,137208,TRUE,
"D","JACK ROBINSON","Birmingham",1,"CH",,,20,54554,,
"D","JACK SENIOR","Doncaster",1,"L1",,"Tranmere",41,96460,,
"D","JACK WHATMOUGH","Huddersfield",1,"L1",,,5,66115,,
"D","JACOB GREAVES","Ipswich",1,"PL","P",,28,123112,,
"D","JACOB SLATER","Harrogate",1,"NL","R","Tranmere",33,165851,,
"D","JAKA BIJOL","Leeds",1,,,,31,111304,,
"D","JAKE O'BRIEN","Everton",1,"PL",,,40,117445,,
"D","JAMAL BAPTISTE","Rotherham",1,"L2","R","Sheffield United",37,126489,,
"D","JAMES ABANKWAH","Watford",1,"CH",,,15,164631,TRUE,
"D","JAMES CARRAGHER","Wigan",1,"L1",,,28,143699,,
"D","JAMES WILSON","Cheltenham",1,"L2",,,46,41453,,
"D","JAMIE KNIGHT-LEBEL","Swindon",1,"L2",,,20,159590,TRUE,
"D","JAPHET TANGANGA","Sheffield United",1,"CH",,,42,107028,,
"D","JARRAD BRANTHWAITE","Everton",1,"PL",,,10,119272,,
"D","JASPER MOON","Burton",1,"L1",,"Port Vale",24,115892,,
"D","JAY MCGRATH","Doncaster",1,"L1",,,37,133318,,
"D","JID OKEKE","Walsall",1,"L2",,,39,141919,TRUE,
"D","JOE THOMAS","Newport",1,"L2",,"Newport County",32,195353,,
"D","JOEL BAGAN","Cardiff",1,"CH","P",,51,129175,,
"D","JOEL MCGREGOR","Swindon",1,"L2",,,39,185990,,
"D","JON GUTHRIE","Northampton",1,"L2","R",,17,66884,,
"D","JONATHAN TOMKINSON","Cheltenham",1,"L2",,,38,133529,,
"D","JORDAN BOWERY","Mansfield",1,"L1",,,20,49760,,
"D","JORDAN WILLIAMS","Portsmouth",1,"CH",,"Blackpool",31,93705,,
"D","JORDAN WILLIS","Northampton",1,"L2","R",,18,62916,,
"D","JOSÉ CÓRDOBA","Norwich",1,"CH",,,30,118882,TRUE,
"D","JOSH EARL","Barnsley",1,"L1",,,23,103533,,
"D","JOSH FLINT","Crawley",1,"L2",,,35,117668,,
"D","JOSH TYMON","Swansea",1,"CH",,,50,89955,,
"D","JUNIOR TCHAMADEU","Stoke",1,"CH",,,26,136718,,
"D","KAI WAGNER","Birmingham",1,"CH",,,34,181483,TRUE,
"D","KAMARL GRANT","Millwall",1,"CH",,"Bromley",7,166803,,
"D","KENNY TETE","Fulham",1,"PL",,,23,75686,,
"D","KYLE JOHN","Port Vale",1,"L2","R",,31,116946,,
"D","KYLE WALKER-PETERS","West Ham",1,"CH","R",,28,90610,,
"D","LAURENCE MAGUIRE","Milton Keynes",1,"L1","P","Rochdale",8,77788,,
"D","LEE JENKINS","Newport",1,"L2",,"Newport County",38,108254,,
"D","LEWIS DUNK","Brighton",1,"PL","ECL",,34,54394,,
"D","LEWIS GIBSON","Preston",1,"CH",,,29,107024,,
"D","LEWIS HALL","Newcastle",1,"PL",,,36,144376,,
"D","LIAM COOPER","Sheffield Wednesday",1,"L1","R",,14,49789,,
"D","LIAM PALMER","Sheffield Wednesday",1,"L1","R",,47,53112,,
"D","LIBERATO CACACE","Wrexham",1,"CH",,,13,110626,,
"D","LLOYD JONES","Charlton",1,"CH",,,47,70093,,
"D","LUCA WOODHOUSE","Exeter",1,"L2","R",,33,134888,,TRUE
"D","LUKE AYLING","Middlesbrough",1,"CH",,,48,53032,,
"D","LUKE BOLTON","Mansfield",1,"L1",,,18,113506,,TRUE
"D","LUKE BROWNE","Notts County",1,"L1","P",,6,168048,,
"D","LUKE SHAW","Manchester United",1,"PL","CL",,38,62471,,
"D","LUKE THOMAS","Leicester",1,"L1","R",,46,110302,,
"D","LUTHER JAMES-WILDIN","Stevenage",1,"L1",,,34,90901,,
"D","MACAULEY SOUTHAM-HALES","Bristol Rovers",1,"L2",,,17,79114,,
"D","MALDINI KACURRI","Grimsby",1,"L2",,,18,166972,,
"D","MARC CUCURELLA","Chelsea",1,"PL",,,15,177693,,TRUE
"D","MARC CUCURELLA","Chelsea",1,"PL",,,39,98404,TRUE,
"D","MARC ROBERTS","Barnsley",1,"L1",,,18,71519,,
"D","MARK MCGUINNESS","Sheffield United",1,"CH",,,33,126311,,
"D","MATHEUS NUNES","Manchester City",1,"PL","CL",,43,129966,,TRUE
"D","MATTHEW SORINOLA","Plymouth",1,"CH",,,39,108572,,
"D","MATTHIJS DE LIGT","Manchester United",1,"PL","CL",,14,94300,,
"D","MATTIE POLLOCK","Watford",1,"CH",,,36,116584,,
"D","MATTY PLATT","Notts County",1,"L1","P",,22,96140,,
"D","MAX ALLEYNE","Manchester City",1,"PL","CL",,23,165932,,
"D","MICHAEL KAYODE","Brentford",1,"PL",,,44,171728,,
"D","MICHAL HELIK","Oxford",1,"L1","R",,45,72505,,
"D","MORATO","Nottingham Forest",1,"PL",,,37,125043,,
"D","MURRAY WALLACE","Huddersfield",1,"L1",,,36,58591,,
"D","NATHAN ASIIMWE","Wimbledon",1,"L1",,"Charlton",37,177287,,
"D","NATHAN COLLINS","Brentford",1,"PL",,,41,115865,,
"D","NATHAN WOOD","Southampton",1,"CH",,,45,114227,,
"D","NEILL BYRNE","Doncaster",1,"L1",,,24,60649,,
"D","NIALL HUGGINS","Wycombe",1,"L1",,,27,105846,TRUE,
"D","NIKOLA MILENKOVIC","Nottingham Forest",1,"PL",,,53,91609,,
"D","NOAH EILE","Bristol City",1,"CH",,,16,129641,,
"D","OLIVER CASEY","Blackpool",1,"L1",,,48,127044,,
"D","OLIVIER BOSCAGLI","Brighton",1,"PL","ECL",,17,81161,,
"D","OMAR ALDERETE","Sunderland",1,"PL","EL",,34,117360,,
"D","PATRICK BROUGH","Tranmere",1,"L2",,,43,71332,,
"D","PETER KIOSO","Peterborough",1,"L1",,,32,114193,,
"D","PIERO HINCAPIÉ","Arsenal",1,"PL","CL",,29,139591,,
"D","RADINIO BALKER","Huddersfield",1,"L1",,,27,140158,,
"D","REECE BURKE","Charlton",1,"CH",,,17,74210,,
"D","REECE JAMES","Rotherham",1,"L2","R","Chelsea",31,99408,,
"D","REECE JAMES","Rotherham",1,"L2","R",,41,70735,,
"D","REECE JOHNSON","Sheffield Wednesday",1,"L1","R",,20,97116,TRUE,
"D","REUELL WALTERS","Luton",1,"L1",,,22,144842,,
"D","RHYS NORRINGTON-DAVIES","Qpr",1,"CH",,"Sheffield United",40,110103,,
"D","RICCARDO CALAFIORI","Arsenal",1,"PL","CL",,30,126171,,
"D","RICHARD TAYLOR","Bolton",1,"CH","P","Bromley",9,124383,,
"D","RICO BROWNE","Walsall",1,"L2",,,23,178851,,
"D","RILEY HARBOTTLE","Bristol Rovers",1,"L2",,,30,138595,,
"D","ROB DICKIE","Bristol City",1,"CH",,,36,81572,,
"D","ROMONEY CRICHLOW","Barnet",1,"L2",,,19,118639,,
"D","RONNIE EDWARDS","Southampton",1,"CH",,"Qpr",31,128422,,
"D","ROSAIRE LONGELO","Salford",1,"L2",,,45,108801,,TRUE
"D","RUBEN ROOSKEN","Huddersfield",1,"L1",,"Oxford",27,122128,,TRUE
"D","RYAN ALEBIOSU","Blackburn",1,"CH",,,40,133535,,
"D","RYAN DELANEY","Newport",1,"L2",,"Oldham",18,91489,,
"D","RYAN GALVIN","Barnet",1,"L2",,,48,135760,TRUE,
"D","RYLEY TOWLER","Lincoln",1,"CH","P",,44,133357,,
"D","SAM GALE","Gillingham",1,"L2",,,43,146870,,TRUE
"D","SAM LONG","Oxford",1,"L1","R",,42,66125,,
"D","SAM MCCALLUM","Sheffield United",1,"CH",,,21,116152,,
"D","SCOTT MALONE","Crawley",1,"L2",,,17,52926,,
"D","SEAN FUSIRE","Sheffield Wednesday",1,"L1","R",,39,167890,,TRUE
"D","SEMI AJAYI","Hull",1,"CH","P",,24,68485,,
"D","SHAUN ROONEY","Fleetwood",1,"L2",,,25,71215,,
"D","SONNY ALJOFREE","Notts County",1,"L1","P",,47,123491,TRUE,
"D","STEVE COOK","Qpr",1,"CH",,"Wycombe",31,49993,,
"D","STEVE SEDDON","Wimbledon",1,"L1",,,49,110473,,
"D","TAYLOR ALLEN","Wycombe",1,"L1",,,36,118344,,
"D","TEDEN MENGI","Luton",1,"L1",,,23,125648,,
"D","TERENCE VANCOOTEN","Burton",1,"L1",,"Stevenage",23,89030,,
"D","TOM ANDERSON","Shrewsbury",1,"L2",,,32,66027,,
"D","TOM DAVIES","Newport",1,"L2",,"Newport County",35,143938,,
"D","TOM NIXON","Doncaster",1,"L1",,,17,143950,,
"D","TOM PEARCE","Chesterfield",1,"L2",,,12,110109,,
"D","TYLER BINDON","Sheffield United",1,"CH",,"Nottingham Forest",26,181965,,
"D","TYRELL WARREN","Grimsby",1,"L2",,,18,94182,TRUE,
"D","TYRONE MINGS","Aston Villa",1,"PL","CL",,22,69420,,
"D","WARREN BURRELL","Harrogate",1,"NL","R",,31,116585,TRUE,
"D","WILL FORRESTER","Leyton Orient",1,"L1",,,17,115852,,
"D","WILL WRIGHT","Swindon",1,"L2",,"Barnet",38,114159,,
"D","WILLIAM SALIBA","Arsenal",1,"PL","CL",,38,114630,,
"D","WOUT FAES","Leicester",1,"L1","R",,16,92706,,
"D","ZAC ASHWORTH","Blackpool",1,"L1",,,31,134569,,
"D","ZACH AWE","Salford",1,"L2",,,11,149195,,
"D","ZAK BRADSHAW","Cambridge",1,"L1","P",,6,160029,,
"D","ZAK JULES","Rotherham",1,"L2","R",,40,165854,TRUE,
"D","ZAK STURGE","Millwall",1,"CH",,,42,162890,,
"M","ANTOINE SEMENYO","Manchester City",21,"PL","CL",,46,110364,,
"M","ISAAC HUTCHINSON","Cheltenham",19,"L2",,"Doncaster",45,107789,,
"M","MORGAN GIBBS-WHITE","Nottingham Forest",18,"PL",,,53,96377,,
"M","ANTHONY GORDON","Newcastle",17,"PL",,,23,120059,TRUE,
"M","HARVEY BARNES","Newcastle",16,"PL",,,45,95981,,
"M","JACK CLARKE","Ipswich",16,"PL","P",,49,110112,,TRUE
"M","JOSH WINDASS","Wrexham",16,"CH",,,46,70939,,
"M","KIERAN GREEN","Grimsby",16,"L2",,,51,78431,,
"M","OWEN BAILEY","Doncaster",16,"L1",,,52,107779,,
"M","DAVIS KEILLOR-DUNN","Barnsley",15,"L1",,"Wrexham",36,94073,,
"M","ENZO FERNÁNDEZ","Chelsea",15,"PL",,,44,146709,,
"M","MORGAN WHITTAKER","Middlesbrough",14,"CH",,,45,124219,,TRUE
"M","DOMINIK SZOBOSZLAI","Liverpool",13,"PL",,,41,103053,,
"M","JACK PAYNE","Colchester",13,"L2",,,40,71250,,
"M","JADEN PHILOGENE","Ipswich",13,"PL","P",,36,125084,,TRUE
"M","MORGAN ROGERS","Aston Villa",13,"PL","CL","Chelsea",55,108099,,
"M","RYAN GRAYDON","Salford",13,"L2",,,54,116020,,TRUE
"M","ALEX GILBEY","Milton Keynes",12,"L1","P","Milton Keynes Dons",46,66101,,
"M","FINN AZAZ","Southampton",12,"CH",,,49,100081,,
"M","HARRY ANDERSON","Colchester",12,"L2",,,34,77349,,
"M","JACK MOYLAN","Lincoln",12,"CH","P",,32,137208,,
"M","JORDAN CLARK","Luton",12,"L1",,,37,59377,,
"M","LEO CASTLEDINE","Middlesbrough",12,"CH",,,37,165948,,
"M","LEWIS WING","Reading",12,"L1",,,48,107315,,
"M","ZIAN FLEMMING","Burnley",12,"CH","R",,32,112925,,TRUE
"M","ADAM PHILLIPS","Barnsley",11,"L1",,"Bradford",47,108097,,
"M","ANIS MEHMETI","Ipswich",11,"PL","P",,50,134964,,
"M","ANTONI SARCEVIC","Bradford",11,"L1",,,42,56263,,
"M","BEN KNIGHT","Cambridge",11,"L1","P",,42,116340,,
"M","BUKAYO SAKA","Arsenal",11,"PL","CL",,38,116143,,
"M","CHARLIE WHITAKER","Tranmere",11,"L2",,,43,142753,,
"M","COLE PALMER","Chelsea",11,"PL",,,30,125454,,
"M","FEMI AZEEZ","Millwall",11,"CH",,,37,117678,,TRUE
"M","GABRIEL MARTINELLI","Arsenal",11,"PL","CL",,39,122095,,
"M","HARRY WILSON","Fulham",11,"PL",,"Leeds",41,85447,,
"M","JARROD BOWEN","West Ham",11,"CH","R",,42,74852,,TRUE
"M","KYREECE LISBIE","Colchester",11,"L2",,"Reading",47,204014,,TRUE
"M","KYRELL LISBIE","Peterborough",11,"L1",,"Millwall",47,174039,,TRUE
"M","LEWIS DOBBIN","Preston",11,"CH",,"Southampton",41,125638,,TRUE
"M","OMARI KELLYMAN","Cardiff",11,"CH","P","Chelsea",39,146883,,
"M","REECO HACKETT","Lincoln",11,"CH","P",,43,96096,,
"M","SCOTT TWINE","Bristol City",11,"CH",,,48,91148,,
"M","SULLAY KAIKAI","Cambridge",11,"L1","P",,49,74807,,TRUE
"M","ADRIAN SEGEČIĆ","Portsmouth",10,"CH",,,40,139998,,
"M","AMARIO COZIER-DUBERRY","Bolton",10,"CH","P","Brighton",40,144839,,
"M","BOBBY POINTON","Bradford",10,"L1",,,36,180761,,TRUE
"M","DIEGO GÓMEZ","Brighton",10,"PL","ECL",,37,156254,,
"M","EBERECHI EZE","Arsenal",10,"PL","CL",,41,100391,,
"M","EMILIANO BUENDÍA","Aston Villa",10,"PL","CL",,54,79355,,
"M","EPHRON MASON-CLARK","Coventry",10,"PL","P",,43,97099,,TRUE
"M","FRED ONYEDINMA","Wycombe",10,"L1",,,47,74166,,TRUE
"M","JODI JONES","Notts County",10,"L1","P",,42,81020,,TRUE
"M","JOHN MCGINN","Aston Villa",10,"PL","CL",,44,65810,,
"M","MARK HELM","Fleetwood",10,"L2",,,50,125651,,
"M","NATHANIEL MÉNDEZ-LAING","Milton Keynes",10,"L1","P",,27,52128,TRUE,
"M","PEDRO NETO","Chelsea",10,"PL",,,44,102788,,
"M","PHIL FODEN","Manchester City",10,"PL","CL",,43,99916,,
"M","RAYAN CHERKI","Manchester City",10,"PL","CL",,44,126129,,
"M","SAM BELL","Bristol City",10,"CH",,,36,136695,,TRUE
"M","SORBA THOMAS","Stoke",10,"CH",,,47,99660,,
"M","VICTOR TORP","Coventry",10,"PL","P",,41,102739,,
"M","ABDUL FATAWU","Leicester",9,"L1","R","Ipswich",44,138671,,TRUE
"M","BRUNO FERNANDES","Manchester United",9,"PL","CL",,37,72111,,
"M","BRUNO GUIMARÃES","Newcastle",9,"PL",,,34,129105,,
"M","CASEMIRO","Manchester United",9,"PL","CL",,41,96460,TRUE,
"M","JAIDON ANTHONY","Burnley",9,"CH","R","Brentford",38,133914,,TRUE
"M","OLIVER NORWOOD","Stockport",9,"L1",,,47,56994,,
"M","RUBIN COLWILL","Cardiff",9,"CH","P",,36,137673,,
"M","ALEJANDRO GARNACHO","Chelsea",8,"PL",,"Aston Villa",34,144404,,TRUE
"M","ALFIE DEVINE","Preston",8,"CH",,,48,132641,,
"M","BEN THOMPSON","Bromley",8,"L1","P",,36,76827,,
"M","CALLUM O'HARE","Sheffield United",8,"CH",,,46,101597,,
"M","CALLUM WRIGHT","Wigan",8,"L1",,,38,114159,TRUE,
"M","CAMERON MCGEEHAN","Northampton",8,"L2","R","Barnsley",35,74552,,
"M","CHARLIE WEBSTER","Burton",8,"L1",,,25,144402,,
"M","CHRIS WILLOCK","Cardiff",8,"CH","P",,46,85144,,
"M","DILAN MARKANDAY","Chesterfield",8,"L2",,,43,117317,,TRUE
"M","ESTÊVÃO","Chelsea",8,"PL",,,29,186104,,TRUE
"M","ISAAC PRICE","West Bromwich",8,"CH",,"West Bromwich Albion",49,138973,,
"M","JÉRÉMY DOKU","Manchester City",8,"PL","CL",,38,117472,,
"M","JON RUSSELL","Mansfield",8,"L1",,,41,123490,,
"M","JORDAN THOMAS","Cheltenham",8,"L2",,"Doncaster",43,181159,,
"M","KASEY PALMER","Luton",8,"L1",,,31,90836,,
"M","KIERNAN DEWSBURY-HALL","Everton",8,"PL",,,32,100994,,
"M","LUKE MOLYNEUX","Doncaster",8,"L1",,"Salford",46,96482,,
"M","MARCUS TAVERNIER","Bournemouth",8,"PL","EL",,35,96007,,
"M","MARK SHELTON","Barnet",8,"L2",,"York",42,81267,,
"M","NOAH OKAFOR","Leeds",8,,,,33,110594,,TRUE
"M","NONI MADUEKE","Arsenal",8,"PL","CL",,33,124943,,
"M","OLIVER RATHBONE","Wrexham",8,"CH",,,30,91737,,
"M","OMARI PATRICK","Tranmere",8,"L2",,,35,52148,TRUE,
"M","SONNY CAREY","Charlton",8,"CH",,,47,123491,,
"M","TOM NAYLOR","Chesterfield",8,"L2",,,49,51386,,
"M","ARTHUR READ","Colchester",7,"L2",,"York",47,96044,,
"M","BEN WILES","Milton Keynes",7,"L1","P","Milton Keynes Dons",48,106086,,TRUE
"M","BRADLEY DACK","Gillingham",7,"L2",,,42,66118,,
"M","CRYSENCIO SUMMERVILLE","West Ham",7,"CH","R",,43,144388,TRUE,
"M","DAN KEMP","Stevenage",7,"L1",,,47,96154,,
"M","DANGO OUATTARA","Brentford",7,"PL",,,37,138315,,TRUE
"M","FLORIAN WIRTZ","Liverpool",7,"PL",,,38,129900,,
"M","GUSTAVO HAMER","Sheffield United",7,"CH",,,39,90804,,
"M","IMRÂN LOUZA","Watford",7,"CH",,,44,117522,,
"M","ISAAC FLETCHER","Barrow",7,"NL","R","Shrewsbury",33,137285,,
"M","JACK DIAMOND","Stockport",7,"L1",,,52,107538,,TRUE
"M","JACK RUDONI","Coventry",7,"PL","P",,33,119270,,
"M","JOÃO PALHINHA","Tottenham",7,"PL",,,42,79825,TRUE,
"M","JOEL COLWILL","Cardiff",7,"CH","P",,45,165871,,
"M","KALLUM CESAY","Salford",7,"L2",,,34,141361,,TRUE
"M","KELLY N'MAI","Salford",7,"L2",,,33,143863,,
"M","LÉO SCIENZA","Southampton",7,"CH",,,44,162918,,
"M","MARCUS HARNESS","Huddersfield",7,"L1",,,47,72070,,TRUE
"M","MILLION MANHOEF","Stoke",7,"CH",,,48,132090,,TRUE
"M","NATHAN BROADHEAD","Wrexham",7,"CH",,,42,96065,,TRUE
"M","REECE COLE","Exeter",7,"L2","R",,37,90922,,
"M","REYES CLEARY","Barnsley",7,"L1",,,47,148771,,TRUE
"M","RYAN LEDSON","Huddersfield",7,"L1",,,45,75813,,
"M","TATSUHIRO SAKAMOTO","Coventry",7,"PL","P",,37,139709,,
"M","TIJJANI REIJNDERS","Manchester City",7,"PL","CL",,37,106949,,
"M","TOMMI O'REILLY","Crewe",7,"L2",,"Aston Villa",48,144562,,
"M","TYRESE HALL","Notts County",7,"L1","P","Tottenham",36,183922,,
"M","ALBERT ADOMAH","Walsall",6,"L2",,,46,48652,,TRUE
"M","ALEX ROBERTSON","Cardiff",6,"CH","P",,37,136750,,
"M","ANDRE BROOKS","Sheffield United",6,"CH",,"Norwich City",41,166804,,
"M","ARMANDO JUNIOR QUITIRNA","Wycombe",6,"L1",,,26,123411,TRUE,
"M","CALEB WATTS","Plymouth",6,"CH",,,31,134561,,
"M","CALLUM HUDSON-ODOI","Nottingham Forest",6,"PL",,,43,107004,,TRUE
"M","CALUM AGIUS","Crewe",6,"L2",,,42,182804,,TRUE
"M","CAMERON BRANNAGAN","Oxford",6,"L1","R",,41,74212,,
"M","ENZO LE FÉE","Sunderland",6,"PL","EL",,40,122732,,
"M","ETHON ARCHER","Cheltenham",6,"L2",,"Bromley",51,185561,,
"M","FRASER MURRAY","Wigan",6,"L1",,,51,96431,,
"M","HAYDEN HACKNEY","Middlesbrough",6,"CH",,"Everton",41,117169,,
"M","ILIMAN NDIAYE","Everton",6,"PL",,,34,109332,,TRUE
"M","ISAAK DAVIES","Cardiff",6,"CH","P",,35,137608,,TRUE
"M","JACK STEVENS","Oldham",6,"L2",,,21,127029,,TRUE
"M","JOELINTON","Newcastle",6,"PL",,,32,84656,,
"M","KURYU MATSUKI","Southampton",6,"CH",,,28,151395,,
"M","LIAM MANDEVILLE","Chesterfield",6,"L2",,,51,81968,,
"M","MIKEL MERINO","Arsenal",6,"PL","CL",,27,77433,,
"M","OLLIE CLARKE","Swindon",6,"L2",,,31,53727,,
"M","PAUL SMYTH","Qpr",6,"CH",,,37,89636,,TRUE
"M","RILEY MCGREE","Middlesbrough",6,"CH",,,28,90584,,
"M","RYAN GRAVENBERCH","Liverpool",6,"PL",,,39,112747,,
"M","SAM HOSKINS","Northampton",6,"L2","R",,43,61899,,TRUE
"M","SHEA CHARLES","Southampton",6,"CH",,,38,143007,,
"M","STEPHEN DUKE-MCKENNA","Harrogate",6,"NL","R","Crawley",30,109609,,
"M","THIERRY GALE","Bolton",6,"CH","P",,40,132818,,TRUE
"M","TOMÁŠ SOUČEK","West Ham",6,"CH","R",,39,87225,,
"M","YUSUF AKHAMRICH","Bristol Rovers",6,"L2",,"Leyton Orient",19,166982,,TRUE
"M","ALEXIS MAC ALLISTER","Liverpool",5,"PL",,,43,121587,,
"M","ANIS BEN SLIMANE","Norwich",5,"CH",,"Norwich City",26,129306,,
"M","ANTHONY SCULLY","Shrewsbury",5,"L2",,,34,108800,,TRUE
"M","ANTON STACH","Leeds",5,,,,34,130742,,
"M","ARMANDO DOBRA","Chesterfield",5,"L2",,"Leyton Orient",34,122962,,TRUE
"M","BOBBY DE CORDOVA-REID","Leicester",5,"L1","R",,36,59412,,TRUE
"M","BOBBY KAMWA","Newport",5,"L2",,"Bristol Rovers",44,136091,,TRUE
"M","CAMERON ANTWI","Newport",5,"L2",,"Gillingham",32,132980,,
"M","CAMIEL NEGHLI","Millwall",5,"CH",,,49,179252,,TRUE
"M","CHARLIE MCCANN","Barrow",5,"NL","R","Cheltenham",36,125649,,
"M","CIAN ASHFORD","Cardiff",5,"CH","P",,42,182016,,TRUE
"M","DANIEL KYEREWAA","Reading",5,"L1",,,37,158855,,
"M","DECLAN RICE","Arsenal",5,"PL","CL",,42,96150,,
"M","DEMARAI GRAY","Birmingham",5,"CH",,,39,72724,,TRUE
"M","EMILE SMITH ROWE","Fulham",5,"PL",,,43,113376,,
"M","ETHAN ENNIS","Fleetwood",5,"L2",,,9,166661,TRUE,
"M","HAKEEB ADELAKUN","Doncaster",5,"L1",,,32,68679,,TRUE
"M","IDRIS EL MIZOUNI","Leyton Orient",5,"L1",,,25,119216,,
"M","ISAAC HEATH","Accrington",5,"L2",,"Cambridge",32,167202,,TRUE
"M","ISAAC SINCLAIR","Accrington",5,"L2",,,43,123636,,
"M","JAKE RICHARDS","Luton",5,"L1",,,30,181985,,
"M","JAMES BROPHY","Cambridge",5,"L1","P","Gillingham",49,86778,,
"M","JAMIE WALKER","Grimsby",5,"L2",,,49,63586,,TRUE
"M","JOSH HAWKES","Oldham",5,"L2",,,27,101331,,
"M","KEANE LEWIS-POTTER","Brentford",5,"PL",,,41,118115,,TRUE
"M","LIAM CULLEN","Swansea",5,"CH",,"Leicester",43,107045,,TRUE
"M","LOUIS REED","Mansfield",5,"L1",,,40,74868,,
"M","MALACHI BOATENG","Plymouth",5,"CH",,,49,143882,,
"M","MARTÍN ZUBIMENDI","Arsenal",5,"PL","CL",,44,119645,,
"M","MATEUS FERNANDES","West Ham",5,"CH","R","Tottenham",42,165614,,
"M","MATHIAS JENSEN","Brentford",5,"PL",,,42,85612,,
"M","MATHIAS JØRGENSEN","Blackburn",5,"CH",,,20,111537,,TRUE
"M","MATT BUTCHER","Salford",5,"L2",,,45,82438,,
"M","MATT CROOKS","Hull",5,"CH","P",,35,60015,,
"M","MICHAEL SPELLMAN","Newport",5,"L2",,"Newport County",37,163601,,TRUE
"M","MOISÉS CAICEDO","Chelsea",5,"PL",,,40,134664,,
"M","NNAMDI OFOBORH","Barnet",5,"L2",,,44,115449,,
"M","PATRICK ROBERTS","Birmingham",5,"CH",,,39,75028,,
"M","RAYAN","Bournemouth",5,"PL","EL",,15,173176,,
"M","RODRIGO GOMES","Wolves",5,"CH","R",,27,134451,,TRUE
"M","RONALD","Swansea",5,"CH",,,49,146657,,TRUE
"M","SCOTT BANKS","Blackpool",5,"L1",,,23,52994,TRUE,
"M","SHAUN WHALLEY","Accrington",5,"L2",,,35,39596,,TRUE
"M","SHAYDEN MORRIS","Luton",5,"L1",,,32,125538,,TRUE
"M","SYDIE PECK","Sheffield United",5,"CH",,,41,170215,,
"M","TODD CANTWELL","Blackburn",5,"CH",,,29,96026,,
"M","TOMMY LEIGH","Bristol Rovers",5,"L2",,,34,143431,,
"M","TYLER WALTON","Accrington",5,"L2",,,18,94182,,
"M","XAVI SIMONS","Tottenham",5,"PL",,,31,131066,,
"M","YÉREMY PINO","Crystal Palace",5,"PL",,,51,134998,,
"M","ALAN BROWNE","Middlesbrough",4,"CH",,"Sunderland",42,69490,,
"M","ALEX HENDERSON","Accrington",4,"L2",,,28,183956,,
"M","ALEX IWOBI","Fulham",4,"PL",,,33,72651,,TRUE
"M","ALEX SCOTT","Bournemouth",4,"PL","EL",,39,138049,,
"M","ALI AHMED","Norwich",4,"CH",,"Norwich City",21,160308,,
"M","AO TANAKA","Leeds",4,,,,33,127210,,
"M","ARMANI LITTLE","Gillingham",4,"L2",,,34,107795,,
"M","BEN WHITFIELD","Burton",4,"L1",,,19,94482,TRUE,
"M","BILLY BODIN","Swindon",4,"L2",,,30,53484,,TRUE
"M","BOBBY CLARK","Derby",4,"CH",,,45,145985,,
"M","BRENDEN AARONSON","Leeds",4,,,,42,118287,,
"M","BRENNAN JOHNSON","Crystal Palace",4,"PL",,,44,123261,,TRUE
"M","CAMERON ASHIA","Huddersfield",4,"L1",,,25,196977,,
"M","CAOLAN BOYD-MUNCE","Wycombe",4,"L1",,,41,123393,,
"M","CHEM CAMPBELL","Stevenage",4,"L1",,,30,126233,,
"M","CHEMSDINE TALBI","Sunderland",4,"PL","EL",,30,175429,,
"M","CJ HAMILTON","Blackpool",4,"L1",,,47,81935,,TRUE
"M","EDO KAYEMBE","Watford",4,"CH",,,38,109731,,
"M","ELLIOT ANDERSON","Nottingham Forest",4,"PL",,"Manchester City",50,87583,,
"M","ELLIOT LEE","Doncaster",4,"L1",,"Wrexham",21,68689,,
"M","EVAN KHOURI","Grimsby",4,"L2",,,40,125094,,
"M","GARATH MCCLEARY","Gillingham",4,"L2",,,27,48845,,TRUE
"M","GONÇALO FRANCO","Swansea",4,"CH",,,49,133386,,
"M","HARRISON BETTONI","Wigan",4,"L1",,"Chelsea",24,210506,,TRUE
"M","HARRY FORSTER","Crawley",4,"L2",,,40,122161,,TRUE
"M","HARVEY VALE","Qpr",4,"CH",,,32,133108,,
"M","HARVEY WHITE","Stevenage",4,"L1",,"Plymouth",48,115841,,
"M","IBRAHIM CISSOKO","Bolton",4,"CH","P",,18,174838,TRUE,
"M","JACK HINSHELWOOD","Brighton",4,"PL","ECL",,30,145294,,
"M","JACOB MURPHY","Newcastle",4,"PL",,,37,74195,,
"M","JAY WILLIAMS","Crawley",4,"L2",,,37,114844,,TRUE
"M","JAYDEN FEVRIER","Charlton",4,"CH",,"Blackburn",36,136039,,TRUE
"M","JAYDON BANEL","Derby",4,"CH",,"Burnley",18,162691,,TRUE
"M","JOE SNOWDON","Swindon",4,"L2",,,36,144987,,
"M","JORDAN GIBSON","Doncaster",4,"L1",,"Crewe",46,93316,,
"M","JORGE GRANT","Salford",4,"L2",,,46,77156,,
"M","JOSH ECCLES","Coventry",4,"PL","P",,35,114246,,
"M","JOSH MARTIN","Cheltenham",4,"L2",,,30,125078,,TRUE
"M","JUSTIN AMALUZOR","Grimsby",4,"L2",,,41,94512,,TRUE
"M","KADEEM HARRIS","Salford",4,"L2",,"Gillingham",27,52670,,TRUE
"M","KAMARI DOYLE","Reading",4,"L1",,"Brighton",45,144973,,
"M","LAMINE CISSÉ","Stoke",4,"CH",,,36,177121,,TRUE
"M","LEWIS BAKER","Stoke",4,"CH",,,18,72642,,
"M","LEWIS KOUMAS","Hull",4,"CH","P","Liverpool",44,166966,,TRUE
"M","LEWIS O'BRIEN","Wrexham",4,"CH",,,45,110101,,
"M","LOUIE BARRY","Stockport",4,"L1",,"Sheffield Wednesday",18,116556,,TRUE
"M","LUCA CONNELL","Barnsley",4,"L1",,,45,118095,,
"M","LUKE CUNDLE","Millwall",4,"CH",,,32,116525,,
"M","MARCELINO NÚÑEZ","Ipswich",4,"PL","P",,39,139918,,
"M","MARK SYKES","Bristol City",4,"CH",,"Millwall",41,84394,,
"M","MIKKEL DAMSGAARD","Brentford",4,"PL",,,37,108888,,
"M","NESTORY IRANKUNDA","Watford",4,"CH",,,42,145116,,TRUE
"M","NICK TSAROULLA","Notts County",4,"L1","P",,43,114320,,TRUE
"M","ODIN BAILEY","Stockport",4,"L1",,"Portsmouth",50,111519,,
"M","OLIVER IROW","Mansfield",4,"L1",,"Tottenham",18,195400,,TRUE
"M","OLLIE O'NEILL","Leyton Orient",4,"L1",,,35,133536,,
"M","OSCAR SCHWARTAU","Norwich",4,"CH",,"Norwich City",38,163867,,TRUE
"M","OTHMANE MAAMMA","Watford",4,"CH",,,25,185572,,TRUE
"M","REGAN HENDRY","Mansfield",4,"L1",,,35,93064,,
"M","ROBBIE MCKENZIE","Gillingham",4,"L2",,,39,107301,,TRUE
"M","RONAN CURTIS","Plymouth",4,"CH",,,44,88877,,
"M","RÚBEN RODRIGUES","Bolton",4,"CH","P",,15,133581,,TRUE
"M","RYAN CROASDALE","Port Vale",4,"L2","R",,35,73080,,
"M","RYAN GLOVER","Barnet",4,"L2",,"Stockport",48,135760,,
"M","RYOYA MORISHITA","Blackburn",4,"CH",,,44,148563,,
"M","SAMMIE SZMODICS","Derby",4,"CH",,,31,72691,,TRUE
"M","SAVINHO","Manchester City",4,"PL","CL",,29,146518,,TRUE
"M","SHAQ FORDE","Bristol Rovers",4,"L2",,,26,149123,,TRUE
"M","SINDRE WALLE EGELI","Ipswich",4,"PL","P",,30,145653,,TRUE
"M","STEPHY MAVIDIDI","Leicester",4,"L1","R",,45,96855,,TRUE
"M","TOM INCE","Watford",4,"CH",,"Tranmere",28,55425,,
"M","TYREIK WRIGHT","Bradford",4,"L1",,,41,125075,,TRUE
"M","WILL HONDERMARCK","Bromley",4,"L1","P",,44,125103,,
"M","YASIN AYARI","Brighton",4,"PL","ECL",,32,130428,,
"M","AARON NEMANE","Milton Keynes",3,"L1","P","Rotherham",42,107402,,TRUE
"M","AARON RAMSEY","Leicester",3,"L1","R","Burnley",10,133527,,
"M","ADAM RANDELL","Bristol City",3,"CH",,,47,117330,,
"M","AMINE ADLI","Bournemouth",3,"PL","EL",,33,123812,,TRUE
"M","ANDREY SANTOS","Chelsea",3,"PL",,"Manchester United",37,149539,,
"M","ANTHONY ELANGA","Newcastle",3,"PL",,,39,125650,,TRUE
"M","ARCHIE COLLINS","Peterborough",3,"L1",,,48,97831,,
"M","BARRY BANNAN","Millwall",3,"CH",,"Sheffield Wednesday",46,50775,,
"M","BEN CLOSE","Doncaster",3,"L1",,,25,75865,,
"M","BEN LLOYD","Newport",3,"L2",,"Swansea",40,143697,,
"M","BEN WOODBURN","Salford",3,"L2",,,31,92321,,
"M","BERNARDO SILVA","Manchester City",3,"PL","CL",,4,65492,TRUE,
"M","BRADLEY IBRAHIM","Plymouth",3,"CH",,,18,153724,,
"M","BRAJAN GRUDA","Brighton",3,"PL","ECL",,28,78150,TRUE,
"M","BRANDON KHELA","Peterborough",3,"L1",,,43,157666,,
"M","BRYN MORRIS","Harrogate",3,"NL","R",,32,125538,TRUE,
"M","CARLOS VICENTE","Birmingham",3,"CH",,,18,164704,,TRUE
"M","CAYLAN VICKERS","Wigan",3,"L1",,"Brighton",29,181641,,TRUE
"M","CIAN HAYES","Peterborough",3,"L1",,"Rochdale",34,126496,,
"M","CONOR GRANT","Notts County",3,"L1","P",,46,124927,,
"M","CONOR THOMAS","Crewe",3,"L2",,,28,55832,,
"M","COREY WHITELY","Bromley",3,"L1","P",,42,95540,,TRUE
"M","CURTIS JONES","Liverpool",3,"PL",,,40,111601,,
"M","DARA COSTELLOE","Wigan",3,"L1",,,44,160286,,TRUE
"M","DAVID TURNBULL","Cardiff",3,"CH","P",,46,86689,,
"M","DELANO BURGZORG","Bristol City",3,"CH",,"Middlesbrough",43,112711,,TRUE
"M","FÁBIO CARVALHO","Brentford",3,"PL",,,9,116280,,
"M","FLYNN DOWNES","Southampton",3,"CH",,,43,102691,,
"M","HABIB DIARRA","Sunderland",3,"PL","EL",,22,144086,,
"M","HARRY ASHFIELD","Cheltenham",3,"L2",,"Wrexham",20,183946,,
"M","HARVEY KNIBBS","Charlton",3,"CH",,,29,104284,,
"M","ILMARI NISKANEN","Exeter",3,"L2","R","Blackpool",49,77131,,
"M","ISMEAL KABIA","Shrewsbury",3,"L2",,"Arsenal",41,187180,,TRUE
"M","JACK AITCHISON","Exeter",3,"L2","R","Bristol Rovers",47,91562,,TRUE
"M","JAÏRO RIEDEWALD","Sheffield United",3,"CH",,,26,74086,,
"M","JAMES GARNER","Everton",3,"PL",,,41,113513,,
"M","JAMES TILLEY","Wimbledon",3,"L1",,,23,82566,,TRUE
"M","JAMIE MULLINS","Wycombe",3,"L1",,,38,140617,,
"M","JED WALLACE","West Bromwich",3,"CH",,"Bristol City",24,64940,,
"M","JESURUN RAK-SAKYI","Stoke",3,"CH",,"Crystal Palace",16,138945,,TRUE
"M","JI-SUNG EOM","Swansea",3,"CH",,,25,185542,TRUE,
"M","JOHN SWIFT","Portsmouth",3,"CH",,,31,76002,,
"M","JON MELLISH","Milton Keynes",3,"L1","P","Wigan",38,102623,,TRUE
"M","JORDAN DAVIES","Fleetwood",3,"L2",,"Tranmere",16,94452,,
"M","JOSH KOROMA","Leyton Orient",3,"L1",,"Chesterfield",35,90720,,TRUE
"M","JOSH NEUFVILLE","Bradford",3,"L1",,,49,108271,,TRUE
"M","JOSH SHEEHAN","Bolton",3,"CH","P",,43,70940,,
"M","JOSH STOKES","Stockport",3,"L1",,"Reading",25,145733,,
"M","JUN-HO BAE","Stoke",3,"CH",,,27,102653,TRUE,
"M","KAI WHITMORE","Newport",3,"L2",,"Newport County",19,154939,,
"M","KAORU MITOMA","Brighton",3,"PL","ECL",,27,144854,,
"M","KASEY MCATEER","Ipswich",3,"PL","P",,33,133544,,
"M","KENNY MCLEAN","Norwich",3,"CH",,"Norwich City",45,52534,,
"M","KEVIN","Fulham",3,"PL",,,36,146678,,TRUE
"M","KOKI SAITO","Qpr",3,"CH",,,35,162494,,TRUE
"M","KYLE DEMPSEY","Bolton",3,"CH","P","Port Vale",30,74369,,
"M","LESLEY UGOCHUKWU","Burnley",3,"CH","R",,35,81463,TRUE,
"M","LEWIS MILEY","Newcastle",3,"PL",,,27,166509,,
"M","LIAM MILLAR","Hull",3,"CH","P",,38,111277,,TRUE
"M","LOUM TCHAOUNA","Burnley",3,"CH","R","Coventry",32,143494,,TRUE
"M","LUKE HARRIS","Wycombe",3,"L1",,"Fulham",36,165688,,
"M","MASON MOUNT","Manchester United",3,"PL","CL",,25,96788,,
"M","MATEUS MANÉ","Wolves",3,"CH","R",,30,189243,,TRUE
"M","MATTHEW GARBETT","Peterborough",3,"L1",,,31,129090,,
"M","MATTY VIRTUE","Fleetwood",3,"L2",,"Swindon",38,110247,,
"M","MATUS HOLICEK","Crewe",3,"L2",,,36,163394,,
"M","MAX SANDERS","Crewe",3,"L2",,"Notts County",38,100071,,
"M","MIN-HYEOK YANG","Coventry",3,"PL","P",,20,187873,TRUE,
"M","MOHAMED BELLOUMI","Hull",3,"CH","P",,25,139970,,TRUE
"M","MOHAMMED KUDUS","Tottenham",3,"PL",,,20,114285,,
"M","MYLES PEART-HARRIS","Oxford",3,"L1","R","Middlesbrough",21,133107,,
"M","NICOLAS MADSEN","Qpr",3,"CH",,,39,111727,,
"M","OLLIE TANNER","Cardiff",3,"CH","P",,29,124880,,TRUE
"M","OWEN MOXON","Wigan",3,"L1",,"Stockport",39,80983,,
"M","PATRICK KELLY","Barnsley",3,"L1",,,45,140780,,
"M","PELLY RUDDOCK MPANZU","Cambridge",3,"L1","P",,51,72067,,
"M","PRZEMYSLAW PLACHETA","Oxford",3,"L1","R",,27,120962,,
"M","RONAN DARCY","Crawley",3,"L2",,"Wigan",40,120093,,
"M","ROSS BARKLEY","Aston Villa",3,"PL","CL",,23,56987,,
"M","RYAN FINNIGAN","Walsall",3,"L2",,,51,100390,TRUE,
"M","SANDRO TONALI","Newcastle",3,"PL",,"Tottenham",42,106569,,
"M","SEAN LONGSTAFF","Leeds",3,,,,28,100669,,
"M","STANLEY MILLS","Oxford",3,"L1","R",,46,144985,,
"M","TARRYN ALLARAKHIA","Rochdale",3,"L2","P",,15,182818,TRUE,
"M","TAYLOR RICHARDS","Crawley",3,"L2",,,19,107016,,
"M","TIMUR TUTEROV","Exeter",3,"L2","R",,17,170273,TRUE,
"M","TOBIAS BRENAN","Harrogate",3,"NL","R","Wigan",24,209015,,
"M","TOM BAYLISS","Lincoln",3,"CH","P",,45,106137,,
"M","TOM IORPENDA","Notts County",3,"L1","P","Huddersfield",51,184929,,
"M","TOM PETT","Oldham",3,"L2",,,42,77004,,
"M","TOMOKI IWATA","Birmingham",3,"CH",,,47,120523,,
"M","TYREECE CAMPBELL","Charlton",3,"CH",,,46,157669,,TRUE
"M","TYRIQUE GEORGE","Chelsea",3,"PL",,"Everton",18,182725,,TRUE
"M","VIMAL YOGANATHAN","Barnsley",3,"L1",,,39,181982,,
"M","XAVIER AMAECHI","Plymouth",3,"CH",,,30,122953,,TRUE
"M","YANKUBA MINTEH","Brighton",3,"PL","ECL",,36,166440,,TRUE
"M","AARON MORLEY","Wycombe",2,"L1",,,41,94489,,
"M","AIDOMO EMAKHU","Oxford",2,"L1","R",,43,139179,,TRUE
"M","AKEEL HIGGINS","Exeter",2,"L2","R","Wigan",30,184468,,TRUE
"M","ALEX PATTISON","Walsall",2,"L2",,,31,85452,,
"M","ALISTAIR SMITH","Wimbledon",2,"L1",,,47,117049,,
"M","AMADOU ONANA","Aston Villa",2,"PL","CL",,38,130736,,
"M","ANDRÉ VIDIGAL","Wycombe",2,"L1",,,13,112691,,
"M","ARCHIE GRAY","Tottenham",2,"PL",,,26,144990,,
"M","AR'JANY MARTHA","Rotherham",2,"L2","R",,44,140730,,
"M","ASHLEY CHARLES","Bromley",2,"L1","P",,48,118598,,
"M","BEN OSBORN","Stockport",2,"L1",,,45,73957,,
"M","BRIAN DE KEERSMAECKER","Oxford",2,"L1","R",,28,119767,,
"M","CALLUM LANG","Preston",2,"CH",,,13,92842,,TRUE
"M","CALLUM MAYCOCK","Wimbledon",2,"L1",,,41,94502,,
"M","CAMERON HUMPHREYS","Huddersfield",2,"L1",,"Ipswich",25,143953,,
"M","CAMERON HUMPHREYS","Huddersfield",2,"L1",,"Port Vale",45,86056,,TRUE
"M","CHARLIE SAVAGE","Reading",2,"L1",,,46,144386,,
"M","CHARLIE WELLENS","Leyton Orient",2,"L1",,,38,134266,,
"M","COREY BLACKETT-TAYLOR","Bolton",2,"CH","P","Derby",17,87739,,TRUE
"M","COURTNEY CLARKE","Walsall",2,"L2",,,45,182228,,
"M","CRISPIN MCLEAN","Fleetwood",2,"L2",,,8,197139,,
"M","DAN NDOYE","Nottingham Forest",2,"PL",,,37,130286,,
"M","DAVID BROOKS","Bournemouth",2,"PL","EL",,33,87759,,
"M","DAVID KASUMU","Huddersfield",2,"L1",,,35,91152,,
"M","DAVID OZOH","Derby",2,"CH",,"Crystal Palace",35,163652,,
"M","DIVINE MUKASA","Leicester",2,"L1","R","Manchester City",22,174465,,
"M","DOM JEFFERIES","Lincoln",2,"CH","P",,27,125136,,
"M","DOMINIC BALL","Cambridge",2,"L1","P",,40,75115,,
"M","DYLAN DUFFY","Chesterfield",2,"L2",,,39,143184,,
"M","ELLIOT BONDS","Fleetwood",2,"L2",,,45,110862,TRUE,
"M","ELLIOT NEWBY","Barrow",2,"NL","R",,21,68689,TRUE,
"M","ELLIOTT LIST","Northampton",2,"L2","R",,35,86675,,
"M","GEORGE ABBOTT","Mansfield",2,"L1",,"Tottenham",25,166527,,
"M","GEORGE DOBSON","Wrexham",2,"CH",,,46,90300,,
"M","GEORGE EVANS","Burton",2,"L1",,"Bromley",4,199546,,TRUE
"M","GEORGE EVANS","Burton",2,"L1",,,39,67638,,
"M","GEORGE HALL","Port Vale",2,"L2","R",,43,147554,,
"M","GEORGE HONEYMAN","Blackpool",2,"L1",,,37,81316,,
"M","GEORGE MARIS","Mansfield",2,"L1",,,13,76831,,
"M","GEORGE SAVILLE","Luton",2,"L1",,,40,68046,,
"M","GERALDO BAJRAMI","Crawley",2,"L2",,"Burton",30,123398,,TRUE
"M","HAKEEM ODOFFIN","Luton",2,"L1",,,18,88190,,TRUE
"M","HARRISON BIGGINS","Newport",2,"L2",,"Newport County",28,107548,,
"M","HARRISON REED","Fulham",2,"PL",,,14,72074,,
"M","HARRY CLIFTON","Doncaster",2,"L1",,,40,85722,,
"M","HARRY WINKS","Leicester",2,"L1","R",,41,85447,TRUE,
"M","HERBIE KANE","Plymouth",2,"CH",,"Huddersfield",17,92320,,
"M","IBRAHIM FULLAH","Charlton",2,"CH",,,13,205433,,
"M","IBRAHIM OSMAN","Birmingham",2,"CH",,"Brighton",18,174838,,TRUE
"M","IBRAHIM SANGARÉ","Nottingham Forest",2,"PL",,,43,92918,,
"M","IDRIS KANU","Barnet",2,"L2",,,47,97162,,TRUE
"M","IDRISSA GUEYE","Everton",2,"PL",,,47,97162,TRUE,
"M","JACK EARING","Barrow",2,"NL","R",,32,181224,TRUE,
"M","JACK EVANS","Harrogate",2,"NL","R","Notts County",45,130453,,
"M","JACK GREALISH","Everton",2,"PL",,"Manchester City",22,64748,,
"M","JACK HOLMES","Rotherham",2,"L2","R",,15,168847,,TRUE
"M","JACOB RAMSEY","Newcastle",2,"PL",,,34,118641,,
"M","JAMIE MCDONNELL","Mansfield",2,"L1",,"Oxford",36,181227,,
"M","JAY ROBINSON","Southampton",2,"CH",,,28,171100,,TRUE
"M","JAYDEN LUKER","Notts County",2,"L1","P","Luton",16,172202,,
"M","JENSEN WEIR","Wigan",2,"L1",,,43,108954,,
"M","JENSON METCALFE","Bradford",2,"L1",,"Millwall",45,162884,,
"M","JHON ARIAS","Wolves",2,"CH","R",,40,52181,TRUE,
"M","JJ MCKIERNAN","Burton",2,"L1",,"Bromley",33,156496,,
"M","JOE TOMLINSON","Milton Keynes",2,"L1","P","Cheltenham",25,102683,,TRUE
"M","JOE WARD","Derby",2,"CH",,,41,81170,,
"M","JOEL NDALA","Hull",2,"CH","P","Manchester City",27,166486,,TRUE
"M","JORDAN ROBERTS","Stevenage",2,"L1",,,42,63852,,TRUE
"M","JOSH AUSTERFIELD","Salford",2,"L2",,,46,127043,,
"M","JOSH BENSON","Rotherham",2,"L2","R",,24,118449,,
"M","JOSH BOWLER","Blackpool",2,"L1",,,31,102690,,
"M","JOSH CULLEN","Burnley",2,"CH","R",,18,81734,,
"M","JOSH KING","Fulham",2,"PL",,,38,183899,,
"M","JOSH LAURENT","Burnley",2,"CH","R",,36,74251,,
"M","JUDE ARTHURS","Bromley",2,"L1","P","Crawley",46,134467,,
"M","JUNIOR NKENG","Wimbledon",2,"L1",,,25,185542,,TRUE
"M","JUSTIN DEVENNY","Crystal Palace",2,"PL",,,32,123762,,
"M","JUSTIN KLUIVERT","Bournemouth",2,"PL","EL",,21,99970,,TRUE
"M","KAI PAYNE","Oldham",2,"L2",,"Wigan",34,181483,,
"M","KANE TAYLOR","Oldham",2,"L2",,,20,146018,TRUE,
"M","KANE THOMPSON-SOMMERS","Bristol Rovers",2,"L2",,"Fleetwood",36,165913,,
"M","KELLAN GORDON","Crawley",2,"L2",,,29,96018,,TRUE
"M","KESHI ANDERSON","Portsmouth",2,"CH",,,27,81241,,
"M","KIAN SPENCE","Rotherham",2,"L2","R",,21,108090,,
"M","KWADWO BAAH","Watford",2,"CH",,,29,125561,,TRUE
"M","LAMINE FANNE","Luton",2,"L1",,,36,177121,TRUE,
"M","LEE EVANS","Bradford",2,"L1",,,36,64634,,
"M","LIAM FRASER","Reading",2,"L1",,,36,110405,,
"M","LIAM KELLY","Milton Keynes",2,"L1","P","Milton Keynes Dons",49,76365,,
"M","LOUIS THOMPSON","Stevenage",2,"L1",,,33,65448,,
"M","LUKE HANNANT","Oldham",2,"L2",,,28,94457,,
"M","LUKE HANNANT","Rochdale",2,"L2","P","Oldham",28,94457,,
"M","LUKE THOMAS","Bristol Rovers",2,"L2",,"Leicester",46,110302,,TRUE
"M","LUKE YOUNG","Cheltenham",2,"L2",,,49,58272,,
"M","MALIK MOTHERSILLE","Stockport",2,"L1",,,33,147135,,TRUE
"M","MAMADI CAMARÁ","Reading",2,"L1",,,14,137270,,
"M","MARSHALL MUNETSI","Wolves",2,"CH","R",,15,119805,,
"M","MATT GRIMES","Coventry",2,"PL","P",,48,71589,,
"M","MATT PHILLIPS","Stevenage",2,"L1",,,29,49017,,
"M","MAX ANDERSON","Crawley",2,"L2",,,22,94037,,
"M","MIKEY JOHNSTON","West Bromwich",2,"CH",,"West Bromwich Albion",37,93317,,TRUE
"M","MILLENIC ALLI","Portsmouth",2,"CH",,"Charlton",39,137112,,TRUE
"M","MITCH PINNOCK","Bromley",2,"L1","P",,49,69850,,
"M","MYLES HIPPOLYTE","Wimbledon",2,"L1",,,40,76588,,
"M","NATHANIEL CHALOBAH","Sheffield Wednesday",2,"L1","R",,13,57093,,
"M","NICO GONZÁLEZ","Manchester City",2,"PL","CL",,33,143010,,
"M","NICOLÁS DOMÍNGUEZ","Nottingham Forest",2,"PL",,,41,124694,,
"M","OLIVER SKIPP","Leicester",2,"L1","R",,37,107032,,
"M","OWEN LUNT","Crewe",2,"L2",,,33,165243,,
"M","PADDY LANE","Reading",2,"L1",,,37,136391,,TRUE
"M","PAPE MATAR SARR","Tottenham",2,"PL",,,27,134994,,
"M","PAUL GLATZEL","Swindon",2,"L2",,,23,121903,,TRUE
"M","RANDELL WILLIAMS","Reading",2,"L1",,,15,110348,,
"M","REECE BROWN","Crawley",2,"L2",,,22,72476,,
"M","REECE SMITH","Harrogate",2,"NL","R","Walsall",47,129111,,
"M","REGAN SLATER","Hull",2,"CH","P",,48,99457,,
"M","REKEEM HARPER","Barrow",2,"NL","R",,27,52670,TRUE,
"M","RIO NGUMOHA","Liverpool",2,"PL",,,25,188588,,TRUE
"M","ROCCO VATA","Watford",2,"CH",,,12,143833,,TRUE
"M","RODRI","Manchester City",2,"PL","CL",,28,89571,,
"M","ROMAIN ESSE","Coventry",2,"PL","P","Crystal Palace",26,171361,,
"M","RYAN CHRISTIE","Bournemouth",2,"PL","EL",,27,45774,,
"M","RYAN LONGMAN","Wrexham",2,"CH",,,40,108275,,
"M","SAM CLUCAS","Shrewsbury",2,"L2",,,38,51917,,
"M","SAM FINLEY","Tranmere",2,"L2",,,31,81221,,
"M","SAM SILVERA","Middlesbrough",2,"CH",,,23,123836,,TRUE
"M","SAMMY BRAYBROOKE","Chesterfield",2,"L2",,"Leicester",42,149122,,
"M","SAŠA LUKIĆ","Fulham",2,"PL",,,30,83825,,
"M","SCOTT ROBERTSON","Notts County",2,"L1","P",,25,114860,,
"M","SHAUN MCWILLIAMS","Rotherham",2,"L2","R","Cheltenham",29,81353,,
"M","TAYLOR PERRY","Shrewsbury",2,"L2",,"Exeter",46,115850,,
"M","THEO ARCHIBALD","Leyton Orient",2,"L1",,,23,94576,,
"M","TOM CAIRNEY","Fulham",2,"PL",,,29,52126,,
"M","TYLER ADAMS","Bournemouth",2,"PL","EL",,26,91306,,
"M","TYLER GOODRHAM","Oxford",2,"L1","R",,14,124903,,TRUE
"M","TYREEQ BAKINSON","Leyton Orient",2,"L1",,,40,91438,,
"M","WES BURNS","Ipswich",2,"PL","P",,19,68834,,TRUE
"M","WILL COLLAR","Milton Keynes",2,"L1","P","Milton Keynes Dons",25,95969,,
"M","XAVIER SIMONS","Bolton",2,"CH","P",,35,125464,,
"M","YOURI TIELEMANS","Aston Villa",2,"PL","CL","Manchester United",35,70959,,
"M","YU HIRAKAWA","Bristol City",2,"CH",,,37,160939,,TRUE
"M","ZACK NELSON","Wimbledon",2,"L1",,,40,165854,,
"M","ZECH OBIERO","Tranmere",2,"L2",,"Leyton Orient",19,143884,,
"M","AARON LEWIS","Mansfield",1,"L1",,,40,96407,,TRUE
"M","AARON ROWE","Gillingham",1,"L2",,,28,119176,,
"M","ADAM WHARTON","Crystal Palace",1,"PL",,,53,149125,,
"M","ADE ADEYEMO","Crawley",1,"L2",,,32,135676,,TRUE
"M","ALEX GILBERT","Middlesbrough",1,"CH",,,22,137168,,TRUE
"M","ANDRÉ","Wolves",1,"CH","R",,39,146470,,
"M","ANDREW MORAN","Preston",1,"CH",,,11,133551,,
"M","ANTHONY HARTIGAN","Barnet",1,"L2",,,39,125650,TRUE,
"M","AZOR MATUSIWA","Ipswich",1,"PL","P",,46,111745,,
"M","BEN MIDDLEMAS","Swindon",1,"L2",,,4,145328,,
"M","BEN PEARSON","Stoke",1,"CH",,,34,80601,,
"M","BEN WOODS","Peterborough",1,"L1",,,23,172833,,
"M","BERTRAND TRAORÉ","Sunderland",1,"PL","EL",,36,77612,TRUE,
"M","BILLY BLACKER","Tranmere",1,"L2",,"Sheffield United",26,189694,,
"M","BOUBACAR KAMARA","Aston Villa",1,"PL","CL",,26,99992,,
"M","CALLUM STEWART","Shrewsbury",1,"L2",,,7,196201,,TRUE
"M","CAMERON BRAGG","Southampton",1,"CH",,,21,144976,,
"M","CARLOS ALCARAZ","Everton",1,"PL",,,22,154676,,
"M","CASPER DE NORRE","Millwall",1,"CH",,,32,88920,,
"M","CHARLIE LAKIN","Walsall",1,"L2",,"Barnet",47,110474,,
"M","CHARLIE LENNON","Barnsley",1,"L1",,,3,191189,,TRUE
"M","CHIEDOZIE OGBENE","Sheffield United",1,"CH",,"Ipswich",16,92936,,TRUE
"M","CHRIS RIGG","Sunderland",1,"PL","EL",,20,171545,,
"M","CONNOR LEMONHEIGH-EVANS","Milton Keynes",1,"L1","P","Northampton",27,100511,,
"M","CONNOR MAHONEY","Barrow",1,"NL","R",,31,92935,TRUE,
"M","CONOR GALLAGHER","Tottenham",1,"PL",,,16,116347,,
"M","CONOR MCGRANDLES","Lincoln",1,"CH","P",,49,66004,,
"M","DAICHI KAMADA","Crystal Palace",1,"PL",,,46,103730,,
"M","DAMOLA AJAYI","Doncaster",1,"L1",,"Tottenham",26,166970,,TRUE
"M","DAN CROWLEY","Milton Keynes",1,"L1","P","Milton Keynes Dons",32,85145,,
"M","DANIEL PHILLIPS","Stevenage",1,"L1",,,39,124778,,
"M","DANIEL VOST","Huddersfield",1,"L1",,,7,197130,,
"M","DAVID AKINTOLA","Hull",1,"CH","P",,21,85625,,TRUE
"M","DECLAN FRITH","Peterborough",1,"L1",,,29,144375,,TRUE
"M","DENNIS ADENIRAN","Barnet",1,"L2",,,11,94678,,
"M","DIALLANG JAIYESIMI","Barnet",1,"L2",,"Leyton Orient",24,96030,,
"M","DION DE NEVE","Blackburn",1,"CH",,,29,142762,,TRUE
"M","DYLAN LEVITT","Leyton Orient",1,"L1",,,14,120329,,
"M","EMILIANO MARCONDES","Norwich",1,"CH",,"Norwich City",17,65433,,
"M","EMMANUEL OSADEBE","Barnet",1,"L2",,,11,167565,TRUE,
"M","EMMERSON SUTTON","Harrogate",1,"NL","R","Qpr",10,205002,,
"M","ETHAN AMPADU","Leeds",1,,,,40,94499,,TRUE
"M","ETHAN BRIERLEY","Exeter",1,"L2","R","Huddersfield",45,125641,,
"M","ETHAN COLEMAN","Gillingham",1,"L2",,,34,124904,,
"M","ETHAN GALBRAITH","Swansea",1,"CH",,"Stoke",44,123381,,
"M","ETHAN NWANERI","Arsenal",1,"PL","CL",,9,166661,,
"M","EWAN HENDERSON","Wycombe",1,"L1",,,33,107051,,
"M","FACUNDO BUONANOTTE","Chelsea",1,"PL",,"Brighton",9,156320,,
"M","FINLEY BARBROOK","Colchester",1,"L2",,"Ipswich",17,184956,,
"M","GAVIN KILKENNY","Swindon",1,"L2",,,43,123980,,
"M","GEORGE BIRCH","Exeter",1,"L2","R",,4,197746,,
"M","GEORGE BROADBENT","Doncaster",1,"L1",,,41,129178,,
"M","GEORGE BYERS","Port Vale",1,"L2","R",,23,76796,,
"M","GEORGE LAPSLIE","Bradford",1,"L1",,,17,99409,,
"M","GLENN MIDDLETON","Doncaster",1,"L1",,,40,96029,,
"M","GRANIT XHAKA","Sunderland",1,"PL","EL",,36,57939,,
"M","GUSTAVO CABALLERO","Portsmouth",1,"CH",,,39,90804,TRUE,
"M","HAMZA CHOUDHURY","Leicester",1,"L1","R",,32,90260,,
"M","HANNIBAL","Burnley",1,"CH","R",,30,127038,,
"M","HARRISON NEAL","Fleetwood",1,"L2",,,47,144194,,
"M","HARRY HOWELL","Brighton",1,"PL","ECL",,6,187243,,
"M","HARVEY ELLIOTT","Aston Villa",1,"PL","CL","Liverpool",11,116281,,
"M","ILIAS CHAIR","Qpr",1,"CH",,,15,106669,,
"M","ISAIAH JONES","Luton",1,"L1",,,18,129155,,TRUE
"M","IVAN VARFOLOMEEV","Lincoln",1,"CH","P",,34,137984,,
"M","JACK PERKINS","Northampton",1,"L2","R",,32,181224,,
"M","JADON SANCHO","Aston Villa",1,"PL","CL",,38,133914,TRUE,
"M","JAKE REEVES","Wimbledon",1,"L1",,,40,60997,,
"M","JAMALDEEN JIMOH-ALOBA","Aston Villa",1,"PL","CL",,14,186269,,
"M","JAMES BALL","Swindon",1,"L2",,,24,94572,,
"M","JAMES MILNER","Brighton",1,"PL","ECL",,46,41453,TRUE,
"M","JAMES MILNER","Brighton",1,"PL","ECL",,23,82566,TRUE,
"M","JAMES PLANT","Tranmere",1,"L2",,,15,164631,,
"M","JAMES SCANLON","Swindon",1,"L2",,"Manchester United",6,174458,,
"M","JAMIE DONLEY","Oxford",1,"L1","R","Tottenham",21,165942,,
"M","JAMIE GITTENS","Chelsea",1,"PL",,,20,159590,,TRUE
"M","JAMIE JELLIS","Walsall",1,"L2",,"Rotherham",39,158263,,
"M","JASON KNIGHT","Bristol City",1,"CH",,,38,120175,,
"M","JEAN-RICNER BELLEGARDE","Wolves",1,"CH","R",,31,94371,,
"M","JEREMY MONGA","Leicester",1,"L1","R","Manchester City",30,196702,,TRUE
"M","JOÃO GOMES","Wolves",1,"CH","R",,41,146360,TRUE,
"M","JOE RALLS","Plymouth",1,"CH",,,10,61254,,
"M","JOEL COTTERILL","Bristol Rovers",1,"L2",,"Swansea",15,160347,,
"M","JOEL RANDALL","Bolton",1,"CH","P",,27,109254,,
"M","JOHN FLECK","Chesterfield",1,"L2",,,17,47136,,
"M","JOHN LUNDSTRAM","Hull",1,"CH","P",,36,74251,TRUE,
"M","JONATHAN VARANE","Qpr",1,"CH",,,36,139099,,
"M","JONNY SMITH","Gillingham",1,"L2",,"Wigan",11,90268,,
"M","JONNY WILLIAMS","Gillingham",1,"L2",,,27,60563,,
"M","JORDAN BROWN","Blackpool",1,"L1",,,49,130261,,
"M","JORDAN HENDERSON","Brentford",1,"PL",,"Chelsea",34,49999,,
"M","JORDAN SHIPLEY","Port Vale",1,"L2","R","Cheltenham",30,94503,,
"M","JOSH MCEACHRAN","Bristol Rovers",1,"L2",,,22,56764,,
"M","JOSH SCOWEN","Wycombe",1,"L1",,,7,58778,,
"M","JUNIOR HOILETT","Swindon",1,"L2",,,20,52010,,TRUE
"M","KAMIL CONTEH","Bristol Rovers",1,"L2",,"Bromley",30,148917,,
"M","KARAMOKO DEMBÉLÉ","Qpr",1,"CH",,,29,120231,,
"M","KAROY ANDERSON","Blackpool",1,"L1",,,29,166565,,
"M","KEVIN MCDONALD","Exeter",1,"L2","R",,24,42103,,
"M","KIERAN DOWELL","Hull",1,"CH","P",,15,79781,,
"M","KOBBIE MAINOO","Manchester United",1,"PL","CL",,30,145084,,
"M","KYLE MCADAM","Mansfield",1,"L1",,,42,42176,TRUE,
"M","LEO WALTA","Swansea",1,"CH",,,10,141376,,
"M","LEON BAILEY","Aston Villa",1,"PL","CL",,22,87296,,TRUE
"M","LEWIS FIORINI","Stockport",1,"L1",,,12,116338,,
"M","LIAM WALSH","Luton",1,"L1",,,36,89679,,
"M","LOUIE WATSON","Crawley",1,"L2",,,27,125729,,
"M","LUCAS BERGVALL","Tottenham",1,"PL",,,25,171000,,
"M","LUKE BERRY","Charlton",1,"CH",,,17,53906,,
"M","LUKE BUTTERFIELD","Accrington",1,"L2",,"Chesterfield",17,144983,,
"M","MAGNUS WESTERGAARD","Wycombe",1,"L1",,,32,58181,TRUE,
"M","MARTIN ØDEGAARD","Arsenal",1,"PL","CL",,28,75804,,
"M","MASSIMO LUONGO","Millwall",1,"CH",,,11,62453,,
"M","MATĚJ JURÁSEK","Norwich",1,"CH",,,19,135635,TRUE,
"M","MATT O'RILEY","Brighton",1,"PL","ECL",,6,106668,,
"M","MATT PALMER","Notts County",1,"L1","P",,31,66698,,
"M","MATT RITCHIE","Reading",1,"L1",,,28,50014,,
"M","MATT SMITH","Wigan",1,"L1",,,43,116945,,
"M","MAX DOWMAN","Arsenal",1,"PL","CL",,10,199967,,
"M","MERLIN ROHL","Everton",1,"PL",,,17,136879,,
"M","MICHAEL JACOBS","Northampton",1,"L2","R",,21,51897,,
"M","NATHAN MORIAH-WELSH","Mansfield",1,"L1",,,46,138581,,
"M","NICK FREEMAN","Shrewsbury",1,"L2",,"Gillingham",16,92754,,
"M","NICK POWELL","Bradford",1,"L1",,,14,55513,,
"M","OLIVER COOPER","Wigan",1,"L1",,,14,115462,TRUE,
"M","OLIVER NORBURN","Notts County",1,"L1","P","Oldham",39,62490,,
"M","OLLIE BOSTOCK","West Bromwich",1,"CH",,,9,201130,TRUE,
"M","OMARI HUTCHINSON","Nottingham Forest",1,"PL",,,41,140950,,TRUE
"M","OSSAMA ASHLEY","Salford",1,"L2",,"Rotherham",19,109594,,
"M","OUSMANE DIAKITÉ","West Bromwich",1,"CH",,,39,121591,TRUE,
"M","OWEN DALE","Plymouth",1,"CH",,"Oxford",29,97027,,TRUE
"M","OWURA EDWARDS","Colchester",1,"L2",,"Peterborough",38,125178,,
"M","PARIS MAGHOMA","Norwich",1,"CH",,"Norwich City",16,108653,,
"M","PASCAL GROSS","Brighton",1,"PL","ECL",,21,54527,,
"M","PATRYK SYKUT","Peterborough",1,"L1",,,9,215687,,
"M","PHOENIX PATTERSON","Stevenage",1,"L1",,,31,117318,,TRUE
"M","RA'EES BANGURA-WILLIAMS","Millwall",1,"CH",,,18,201068,,TRUE
"M","RAPHAEL BORGES RODRIGUES","Wigan",1,"L1",,"Coventry",46,125323,,TRUE
"M","REISS NELSON","Brentford",1,"PL",,"Arsenal",14,104451,,TRUE
"M","RHYS BROWNE","Barnet",1,"L2",,,14,86850,,
"M","RHYS WALTERS","Port Vale",1,"L2","R",,33,167895,,
"M","ROB APTER","Charlton",1,"CH",,,26,136092,,
"M","ROBBIE GOTTS","Doncaster",1,"L1",,,40,117906,,
"M","RODRIGO BENTANCUR","Tottenham",1,"PL",,,28,105849,,
"M","RYAN BROOM","Cheltenham",1,"L2",,,34,86939,,
"M","RYAN FRASER","Southampton",1,"CH",,,35,73080,TRUE,
"M","RYAN HEDGES","Blackburn",1,"CH",,,24,80677,,
"M","RYAN MCAIDOO","Manchester City",1,"PL","CL",,2,199191,,TRUE
"M","RYAN STIRK","Chesterfield",1,"L2",,,42,123395,,
"M","RYAN WINTLE","Cardiff",1,"CH","P","Milton Keynes Dons",45,86841,,
"M","SAMUEL ILING-JUNIOR","West Bromwich",1,"CH",,"Aston Villa",24,161113,,TRUE
"M","SCOTT SMITH","Barrow",1,"NL","R",,43,116945,TRUE,
"M","SEAMUS CONNEELY","Accrington",1,"L2",,,37,55200,,
"M","SILKO THOMAS","Leicester",1,"L1","R",,47,99660,TRUE,
"M","SIMON ADINGRA","Sunderland",1,"PL","EL",,15,138900,,TRUE
"M","SONTJE HANSEN","Middlesbrough",1,"CH",,,19,128354,,TRUE
"M","SOUNGOUTOU MAGASSA","West Ham",1,"CH","R",,26,149002,,
"M","STEVEN NZONZI","Stoke",1,"CH",,,31,51626,,
"M","SULLIVAN BOOTH","Gillingham",1,"L2",,,1,218692,,TRUE
"M","THIERNO BALLO","Millwall",1,"CH",,,41,179578,TRUE,
"M","TOM EDOZIE","Wolves",1,"CH","R",,3,171160,,TRUE
"M","TOM NICHOLS","Swindon",1,"L2",,,43,59408,,TRUE
"M","TOM WATSON","Brighton",1,"PL","ECL","Leicester",22,172185,,TRUE
"M","TOMI HORVAT","Bristol City",1,"CH",,,24,115355,,
"M","TOMMY MCDERMOTT","Shrewsbury",1,"L2",,"Burnley",38,149128,,
"M","TONY SPRINGETT","Norwich",1,"CH",,"Leyton Orient",16,133533,,TRUE
"M","VITALY JANELT","Brentford",1,"PL",,,30,100626,,
"M","WILFRIED GNONTO","Leeds",1,,,,29,130750,,TRUE
"M","WILL ALVES","Huddersfield",1,"L1",,"Leicester",13,144521,,
"M","WILL VAULKS","Oxford",1,"L1","R","Tranmere",42,65293,,
"M","YEGOR YARMOLYUK","Brentford",1,"PL",,,42,130001,,
"M","ZEIDANE INOUSSA","Swansea",1,"CH",,,29,137547,,TRUE
"F","ERLING HAALAND","Manchester City",38,"PL","CL",,42,101493,,
"F","AARON DRINAN","Swindon",25,"L2",,,44,104249,,
"F","IGOR THIAGO","Brentford",25,"PL",,,40,151107,,
"F","ŽAN VIPOTNIK","Swansea",25,"CH",,,49,137575,,
"F","DOM BALLARD","Leyton Orient",23,"L1",,,42,144974,,
"F","JAZE KABIA","Grimsby",23,"L2",,,56,129555,,TRUE
"F","ISMAÏLA SARR","Crystal Palace",21,"PL",,,45,94668,,
"F","JAYDEN WAREHAM","Exeter",21,"L2","R",,49,128558,,
"F","KYLE WOOTTON","Stockport",21,"L1",,,52,77148,,
"F","OLLIE WATKINS","Aston Villa",21,"PL","CL",,55,74516,,
"F","VIKTOR GYÖKERES","Arsenal",21,"PL","CL",,42,114280,,
"F","JOÃO PEDRO","Chelsea",20,"PL",,,42,128568,,
"F","JOSH STONES","York",20,"L2","P",,1,145869,,
"F","ASHLEY FLETCHER","Blackpool",19,"L1",,"Huddersfield",47,89684,,
"F","OLI MCBURNIE","Hull",19,"CH","P",,42,73579,,
"F","HAJI WRIGHT","Coventry",18,"PL","P",,43,102802,,
"F","LORENT TOLAJ","Plymouth",18,"CH",,"Bristol City",35,126929,,
"F","ALASSANA JATTA","Notts County",17,"L1","P",,33,127210,TRUE,
"F","DANIEL KANU","Walsall",17,"L2",,"Charlton",44,156660,,
"F","HARRY LEONARD","Peterborough",17,"L1",,,39,163827,,
"F","HUGO EKITIKÉ","Liverpool",17,"PL",,,33,131205,,
"F","KABONGO TSHIMANGA","Barnet",17,"L2",,,45,78913,,
"F","ARIBIM PEPPLE","Plymouth",16,"CH",,,37,165601,,
"F","CALLUM PATERSON","Milton Keynes",16,"L1","P","Milton Keynes Dons",40,65785,,
"F","JACK MARRIOTT","Reading",16,"L1",,,25,70010,,
"F","JEAN-PHILIPPE MATETA","Crystal Palace",16,"PL",,,50,94648,,
"F","MICHAEL CHEEK","Bromley",16,"L1","P",,38,79412,,
"F","DAVID MCGOLDRICK","Barnsley",15,"L1",,"Mansfield",38,37797,,
"F","DOMINIC CALVERT-LEWIN","Leeds",15,,,,39,74190,,
"F","JOE GELHARDT","Hull",15,"CH","P","Leeds",44,114854,,
"F","JOE TAYLOR","Wigan",15,"L1",,"Huddersfield",44,145236,,
"F","YOUSEF SALECH","Cardiff",15,"CH","P",,40,140720,,
"F","CALLUM STEAD","Barnet",14,"L2",,"Cambridge",35,160134,,
"F","DANNY WELBECK","Brighton",14,"PL","ECL","Chelsea",40,48971,,
"F","ELLIS SIMMS","Coventry",14,"PL","P",,46,116941,,
"F","IGOR JESUS","Nottingham Forest",14,"PL",,,52,194838,,
"F","JAMIE REID","Stevenage",14,"L1",,,48,68053,,
"F","LEE BONIS","Chesterfield",14,"L2",,,50,134127,,
"F","MATTHEW DENNIS","Notts County",14,"L1","P","Burton",44,133520,,
"F","TYRESE SHADE","Burton",14,"L1",,,43,102376,,
"F","ADAM ARMSTRONG","Wolves",13,"CH","R",,48,74581,,
"F","BRANDON THOMAS-ASANTE","Coventry",13,"PL","P",,34,93901,,
"F","ELI JUNIOR KROUPI","Bournemouth",13,"PL","EL",,35,176613,,
"F","JAKE BEESLEY","Burton",13,"L1",,"Bradford",47,75654,,
"F","JOVON MAKAMA","Norwich",13,"CH",,"Norwich City",31,143730,,
"F","KIEFFER MOORE","Wrexham",13,"CH",,,43,70655,,
"F","NICKE KABAMBA","Bromley",13,"L1","P",,48,79543,,
"F","PATRICK BAMFORD","Sheffield United",13,"CH",,,29,62464,,
"F","SAM NOMBE","Rotherham",13,"L2","R","Milton Keynes Dons",32,94679,,
"F","TOMMY CONWAY","Middlesbrough",13,"CH",,,50,134873,,
"F","BENJAMIN SESKO","Manchester United",12,"PL","CL",,32,120995,,
"F","BRYAN MBEUMO","Manchester United",12,"PL","CL",,34,110888,,
"F","CARLTON MORRIS","Derby",12,"CH",,,31,77018,,
"F","CAULEY WOODROW","Wycombe",12,"L1",,,42,57719,,
"F","CHARLES VERNAM","Grimsby",12,"L2",,,49,96011,,
"F","EMIL RIIS","Bristol City",12,"CH",,,47,96012,,
"F","FABRIZIO CAVEGN","Bristol Rovers",12,"L2",,,47,166762,,
"F","JIMMY-JAY MORGAN","Peterborough",12,"L1",,"West Bromwich Albion",36,166508,,
"F","MARCUS BROWNE","Wimbledon",12,"L1",,,37,90114,,TRUE
"F","MASON BURSTOW","Bolton",12,"CH","P","Hull",51,144491,,
"F","OLLIE PALMER","Swindon",12,"L2",,,44,57862,,
"F","RICHARLISON","Tottenham",12,"PL",,,35,106787,,
"F","ROB STREET","Lincoln",12,"CH","P",,49,137455,,
"F","WILL LANKSHEAR","Oxford",12,"L1","R","Middlesbrough",47,166588,,
"F","DANIEL UDOH","Salford",11,"L2",,,48,90653,,
"F","ELLIS HARRISON","Bristol Rovers",11,"L2",,,40,59293,,
"F","EMRE TEZGEL","Crewe",11,"L2",,"Wycombe",33,149144,,
"F","GEORGE HIRST","Ipswich",11,"PL","P",,44,94672,,
"F","JAY STANSFIELD","Birmingham",11,"CH",,,47,128576,,
"F","JOSH MARCH","Crewe",11,"L2",,,40,123635,,
"F","MARVIN DUCKSCH","Birmingham",11,"CH",,,36,70956,,
"F","NICK WOLTEMADE","Newcastle",11,"PL",,,41,126191,,
"F","RHYS OATES","Mansfield",11,"L1",,,42,69039,,
"F","RICHARD KONE","Qpr",11,"CH",,,45,187443,,
"F","ROSS STEWART","Southampton",11,"CH",,,33,115492,,
"F","SAM DALBY","Bolton",11,"CH","P",,46,96035,,
"F","WILL EVANS","Mansfield",11,"L1",,,51,96472,,
"F","AUNE HEGGEBØ","West Bromwich",10,"CH",,,48,111755,TRUE,
"F","BETO","Everton",10,"PL",,,40,121804,,
"F","GIDEON KODUA","Luton",10,"L1",,,41,167659,,
"F","JØRGEN STRAND LARSEN","Crystal Palace",10,"PL",,,48,101149,,
"F","JOSH COBURN","Millwall",10,"CH",,,31,138500,,
"F","LUCA KJERRUMGAARD","Watford",10,"CH",,,44,163748,,
"F","LUCAS AKINS","Mansfield",10,"L1",,,32,46484,,
"F","MATHEUS CUNHA","Manchester United",10,"PL","CL",,35,105629,,
"F","MICHAEL MELLON","Oldham",10,"L2",,"Burnley",18,171864,,
"F","MOHAMED TOURÉ","Norwich",10,"CH",,,12,129193,TRUE,
"F","PATRICK AGYEMANG","Derby",10,"CH",,,38,174727,,
"F","RAÚL JIMÉNEZ","Fulham",10,"PL",,,43,69582,TRUE,
"F","RUMARN BURRELL","Qpr",10,"CH",,,31,116585,,
"F","YUKI OHASHI","Blackburn",10,"CH",,,48,148463,,
"F","ANDY COOK","Grimsby",9,"L2",,,35,52497,,
"F","BOJAN RADULOVIĆ","Huddersfield",9,"L1",,,26,114312,,
"F","CALLUM ROBINSON","Cardiff",9,"CH","P",,45,72637,,
"F","CODY GAKPO","Liverpool",9,"PL",,,41,110166,,
"F","CYLE LARIN","Southampton",9,"CH",,,29,81930,,
"F","JOSH GORDON","Barrow",9,"NL","R","Exeter",35,107782,,
"F","MATTY STEVENS","Wimbledon",9,"L1",,,29,77819,,
"F","MIHAILO IVANOVIĆ","Millwall",9,"CH",,,47,161274,,
"F","OWEN OSENI","Plymouth",9,"CH",,,30,165502,,
"F","RUSHIAN HEPBURN-MURPHY","Milton Keynes",9,"L1","P","Milton Keynes Dons",38,81732,,
"F","SAM SMITH","Wrexham",9,"CH",,,47,99462,,
"F","WILLIAM OSULA","Newcastle",9,"PL",,,29,139385,,
"F","AARON CONNOLLY","Leyton Orient",8,"L1",,,23,107304,,
"F","BEN BRERETON DÍAZ","Derby",8,"CH",,,43,100711,TRUE,
"F","BEN HOUSE","Lincoln",8,"CH","P",,37,107768,,
"F","BILLY SHARP","Doncaster",8,"L1",,,41,38747,,
"F","DANNY ROSE","Barrow",8,"NL","R",,29,71461,TRUE,
"F","DAVID STRELEC","Middlesbrough",8,"CH",,,37,121536,,
"F","DEVANTE COLE","Luton",8,"L1",,,35,77348,,
"F","FREDDIE DRAPER","Lincoln",8,"CH","P",,36,137310,,
"F","HARRY MCKIRDY","Crawley",8,"L2",,,33,96455,,
"F","JOSH SARGENT","Norwich",8,"CH",,,36,74251,TRUE,
"F","KEVIN SCHADE","Brentford",8,"PL",,,39,136591,,TRUE
"F","KYLE JOSEPH","Hull",8,"CH","P","Middlesbrough",49,133312,,
"F","LOUIS APPÉRÉ","Cambridge",8,"L1","P",,43,95180,,
"F","MICAH MBICK","Colchester",8,"L2",,"Charlton",24,185807,,
"F","MIKE FONDOP","Oldham",8,"L2",,,44,92237,,
"F","MILUTIN OSMAJIC","Preston",8,"CH",,,31,122552,,
"F","OMAR MARMOUSH","Manchester City",8,"PL","CL",,28,129893,,TRUE
"F","PADDY MADDEN","Accrington",8,"L2",,,36,55027,,
"F","THIERNO BARRY","Everton",8,"PL",,,41,179578,,
"F","TOM BLOXHAM","Blackpool",8,"L1",,,47,134142,,
"F","TOM EAVES","Northampton",8,"L2","R",,34,52855,,
"F","WILL SWAN","Bradford",8,"L1",,,33,136564,,
"F","AARON COLLINS","Milton Keynes",7,"L1","P","Milton Keynes Dons",31,78063,,
"F","AARON PRESSLEY","Walsall",7,"L2",,,41,125064,,
"F","ADAMA SIDIBEH","Stockport",7,"L1",,,22,189156,,
"F","ALFIE MAY","Huddersfield",7,"L1",,"Doncaster",36,85708,,
"F","ANDRI GUDJOHNSEN","Blackburn",7,"CH",,,25,144567,,
"F","BRIAN BROBBEY","Sunderland",7,"PL","EL",,32,121665,,
"F","CALLUM WILSON","West Ham",7,"CH","R","Brentford",35,51997,,
"F","CHARLIE KELMAN","Charlton",7,"CH",,,36,117404,,
"F","FÁBIO TAVARES","Burton",7,"L1",,,32,115879,TRUE,
"F","GEORGE MILLER","Cheltenham",7,"L2",,,31,89639,,
"F","JERRY YATES","Sheffield Wednesday",7,"L1","R","Luton",43,80225,,
"F","JOSH MAGENNIS","Exeter",7,"L2","R","Stevenage",41,47648,,
"F","KAI HAVERTZ","Arsenal",7,"PL","CL",,18,96629,,
"F","KANE DRUMMOND","Oldham",7,"L2",,,43,141224,,
"F","LUKAS NMECHA","Leeds",7,,,,37,107009,,
"F","NAHKI WELLS","Luton",7,"L1",,,40,58194,,
"F","RHIAN BREWSTER","Derby",7,"CH",,,31,102580,,
"F","SHAYNE LAVERY","Cambridge",7,"L1","P",,32,84397,,
"F","STEPHEN HUMPHRYS","Bradford",7,"L1",,,42,100006,,
"F","TATY CASTELLANOS","West Ham",7,"CH","R",,29,77819,TRUE,
"F","ADAM IDAH","Swansea",6,"CH",,,27,123798,,
"F","BEN WAINE","Port Vale",6,"L2","R",,33,114477,,
"F","CAMERON ARCHER","Southampton",6,"CH",,,36,124901,,
"F","CHED EVANS","Fleetwood",6,"L2",,,46,47379,,
"F","DANIEL JEBBISON","Preston",6,"CH",,"Bournemouth",40,137139,,
"F","DOMINIC SOLANKE","Tottenham",6,"PL",,,16,78519,,
"F","EVANILSON","Bournemouth",6,"PL","EL",,38,134073,,
"F","GABRIEL JESUS","Arsenal",6,"PL","CL",,21,91392,,
"F","JOE QUIGLEY","Bristol Rovers",6,"L2",,,38,86860,,
"F","JORDAN AYEW","Leicester",6,"L1","R",,45,56636,,
"F","JOSH MAJA","West Bromwich",6,"CH",,,40,123635,TRUE,
"F","JOSH WOODS","Accrington",6,"L2",,,36,143308,,
"F","MATHIAS KVISTGAARDEN","Norwich",6,"CH",,"Norwich City",40,130325,,
"F","NATHANIEL OPOKU","Newport",6,"L2",,"Newport County",31,174194,,
"F","NIALL ENNIS","Blackpool",6,"L1",,,27,105846,,
"F","OMAR BUGIEL","Wimbledon",6,"L1",,,16,79428,TRUE,
"F","RAYAN KOLLI","Qpr",6,"CH",,,25,182241,,
"F","TOM CANNON","Sheffield United",6,"CH",,,37,144978,,
"F","TYRESE CAMPBELL","Sheffield United",6,"CH",,,36,96074,,
"F","WILL DAVIES","Fleetwood",6,"L2",,,45,167207,,
"F","WILSON ISIDOR","Sunderland",6,"PL","EL",,35,116183,,
"F","BRANDON HANLAN","Doncaster",5,"L1",,,40,94485,,
"F","CHRIS WOOD","Nottingham Forest",5,"PL",,,20,51339,,
"F","DIVIN MUBAMA","Stoke",5,"CH",,"Manchester City",28,165926,,
"F","FABIO BORINI","Salford",5,"L2",,,31,52228,,
"F","FLETCHER HOLMAN","Swindon",5,"L2",,,22,169644,,
"F","IVÁN AZÓN","Ipswich",5,"PL","P",,49,100081,TRUE,
"F","JACK MULDOON","Harrogate",5,"NL","R",,33,119270,TRUE,
"F","JOE IRONSIDE","Tranmere",5,"L2",,,40,66015,,
"F","JOHN MARQUIS","Shrewsbury",5,"L2",,,40,52181,,
"F","KYLIAN KOUASSI","Cambridge",5,"L1","P","Blackpool",17,143711,,
"F","LEE NDLOVU","Notts County",5,"L1","P",,38,90177,,
"F","LYNDON DYKES","Charlton",5,"CH",,,43,80989,,
"F","PAUL MULLIN","Bradford",5,"L1",,"Rotherham",34,70542,,
"F","RANDAL KOLO MUANI","Tottenham",5,"PL",,,14,125448,TRUE,
"F","RONAN HALE","Gillingham",5,"L2",,,20,111222,,
"F","RYAN ONÉ","Lincoln",5,"CH","P",,23,163415,TRUE,
"F","SEB PALMER-HOULDEN","Gillingham",5,"L2",,,35,165629,,
"F","ALEXANDER ISAK","Liverpool",4,"PL",,,15,88879,,
"F","ANTWOINE HACKFORD","Wimbledon",4,"L1",,,39,133197,,
"F","CHARLIE CATON","Accrington",4,"L2",,,36,125649,TRUE,
"F","CHARLIE MCNEILL","Sheffield Wednesday",4,"L1","R",,43,144388,,
"F","COLBY BISHOP","Portsmouth",4,"CH",,,43,74316,,
"F","CONNOR JENNINGS","Tranmere",4,"L2",,,30,63609,,
"F","COURTNEY BAKER-RICHARDSON","Newport",4,"L2",,"Tranmere",33,73572,,
"F","DANILO ORSI","Crawley",4,"L2",,,36,114256,,
"F","EDDIE NKETIAH","Crystal Palace",4,"PL",,,19,104454,,
"F","EVANN GUESSAND","Crystal Palace",4,"PL",,"Aston Villa",35,124994,,
"F","GEORGE LLOYD","Shrewsbury",4,"L2",,,46,107047,,
"F","JAKE BICKERSTAFF","Cheltenham",4,"L2",,,49,125236,,
"F","JAMAL LOWE","Sheffield Wednesday",4,"L1","R",,48,66901,,
"F","JAMES COLLINS","Lincoln",4,"CH","P",,22,52650,,
"F","JOSH ANDREWS","Gillingham",4,"L2",,"Grimsby",38,137701,,
"F","KARLAN GRANT","West Bromwich",4,"CH",,"Charlton",28,78150,,
"F","MACAULAY LANGSTAFF","Millwall",4,"CH",,"Salford",40,106176,,
"F","MAMADOU DOUMBIA","Watford",4,"CH",,,33,191105,,
"F","MARTIN SHERIF","Port Vale",4,"L2","R","Everton",28,171215,,
"F","MATHYS TEL","Tottenham",4,"PL",,,34,144206,,
"F","MILES LEABURN","Charlton",4,"CH",,,40,165239,,
"F","RYAN LOFT","Crawley",4,"L2",,"Cambridge",20,90316,,
"F","SAMSON TOVIDE","Colchester",4,"L2",,,44,133806,,
"F","TAIWO AWONIYI","Nottingham Forest",4,"PL",,,18,88816,,
"F","TYLER ROBERTS","Mansfield",4,"L1",,,20,82907,,
"F","WILL GOODWIN","Colchester",4,"L2",,"Gillingham",28,134630,,
"F","WILL GRIGG","Chesterfield",4,"L2",,,36,50818,,
"F","BENONÝ BREKI ANDRÉSSON","Stockport",3,"L1",,,21,142656,,
"F","BRADLEY IHIONVIEN","Shrewsbury",3,"L2",,"Colchester",17,160468,,
"F","COLE STOCKTON","Salford",3,"L2",,"Accrington",32,63703,,
"F","CONOR MCALENY","Harrogate",3,"NL","R",,49,66004,TRUE,
"F","DALE TAYLOR","Blackpool",3,"L1",,,20,146018,,
"F","ELLIOTT NEVITT","Cambridge",3,"L1","P","Oldham",40,140587,,
"F","ETHAN WHEATLEY","Bradford",3,"L1",,"Manchester United",36,182604,,
"F","FEDERICO CHIESA","Liverpool",3,"PL",,,31,90253,,
"F","GEORGINIO RUTTER","Brighton",3,"PL","ECL",,35,115097,,
"F","HARRY GRAY","Rotherham",3,"L2","R","Sheffield Wednesday",20,205302,,
"F","HEE-CHAN HWANG","Wolves",3,"CH","R",,31,89327,,
"F","IWAN MORGAN","Shrewsbury",3,"L2",,"Brentford",22,195231,,
"F","JAMILLE MATT","Walsall",3,"L2",,,26,126212,TRUE,
"F","JAYDEN STOCKLEY","Port Vale",3,"L2","R",,25,52400,,
"F","JOSH DAVISON","Cheltenham",3,"L2",,"Shrewsbury",41,126162,,
"F","JUSTIN OBIKWU","Lincoln",3,"CH","P","Qpr",19,181845,,
"F","KAYDEN JACKSON","Bradford",3,"L1",,,35,71294,,
"F","KYOGO FURUHASHI","Birmingham",3,"CH",,,48,148463,TRUE,
"F","LARS-JØRGEN SALVESEN","Derby",3,"CH",,,32,77497,,
"F","LYLE FOSTER","Burnley",3,"CH","R",,27,119246,,
"F","MARC GUIU","Chelsea",3,"PL",,,15,177693,,
"F","MARK HARRIS","Oxford",3,"L1","R",,40,100563,,
"F","MICHAEL SMITH","Preston",3,"CH",,"Mansfield",40,50130,,
"F","OLI HAWKINS","Barnet",3,"L2",,,38,78816,,
"F","RYAN HARDIE","Huddersfield",3,"L1",,"Wrexham",16,78126,,
"F","SHAWN MCCOULSKY","Harrogate",3,"NL","R",,29,81353,TRUE,
"F","STEFANOS TZIMAS","Brighton",3,"PL","ECL",,12,172568,,
"F","TAMMY ABRAHAM","Aston Villa",3,"PL","CL",,22,91497,,
"F","TOM BRADSHAW","Barnsley",3,"L1",,"Oxford",26,51785,,
"F","WILL DICKSON","Chesterfield",3,"L2",,,24,166483,,
"F","WILL KEANE","Reading",3,"L1",,"Preston",16,63576,,
"F","YOANE WISSA","Newcastle",3,"PL",,,24,88182,,
"F","ADRIEN THIBAUT","Crewe",2,"L2",,,25,196978,,
"F","AMAD DIALLO","Manchester United",2,"PL","CL",,33,126206,,
"F","ARNAUD KALIMUENDO","Nottingham Forest",2,"PL",,,14,125448,,
"F","ASHLEY BARNES","Burnley",2,"CH","R",,11,46576,,
"F","BAILEY CADAMARTERI","Wrexham",2,"CH",,,33,167891,,
"F","CALUM KAVANAGH","Oldham",2,"L2",,,18,154923,,
"F","CHARALAMPOS KOSTOULAS","Brighton",2,"PL","ECL",,26,195201,,
"F","CHRISTIAN SAYDEE","Wigan",2,"L1",,,46,126933,,
"F","CHUBA AKPOM","Ipswich",2,"PL","P",,31,68532,,
"F","CONOR CHAPLIN","Portsmouth",2,"CH",,"Leicester",42,79825,,
"F","DANNY INGS","Sheffield United",2,"CH",,,24,52481,,
"F","DAVID KAMARA","Peterborough",2,"L1",,,11,168837,,
"F","DION CHARLES","Huddersfield",2,"L1",,"Blackpool",33,71463,,
"F","ENIS DESTAN","Hull",2,"CH","P",,18,138850,,
"F","ESAPA OSONG","Fleetwood",2,"L2",,,42,66125,TRUE,
"F","FRANCIS OKORONKWO","Doncaster",2,"L1",,,20,165947,,
"F","GEORGE BROWN","Sheffield Wednesday",2,"L1","R",,9,210106,,
"F","GERARD GARNER","Newport",2,"L2",,"Newport County",28,106659,,
"F","JAKE EVANS","Northampton",2,"L2","R","Leicester",16,196831,,
"F","JAMES NORWOOD","Fleetwood",2,"L2",,,20,51911,,
"F","JOHN MCATEE","Bolton",2,"CH","P",,27,102653,,
"F","JORDAN HUGILL","Rotherham",2,"L2","R",,18,62916,TRUE,
"F","JOSHUA ZIRKZEE","Manchester United",2,"PL","CL",,26,113695,,
"F","KALY SÈNE","Middlesbrough",2,"CH",,,33,132893,,
"F","KELSEY MOONEY","Accrington",2,"L2",,,8,115489,,
"F","LIAM DELAP","Chelsea",2,"PL",,,36,133497,,
"F","LOUIS FLOWER","Crawley",2,"L2",,,14,145311,,
"F","MARCUS FORSS","Bolton",2,"CH","P","Middlesbrough",22,96132,,
"F","MATTY GODDEN","Charlton",2,"CH",,,11,51791,,
"F","MILAN SMIT","Stoke",2,"CH",,,20,159240,,
"F","MO FAAL","Cheltenham",2,"L2",,"Port Vale",26,133548,,
"F","NATHAN BROADHEAD","Wrexham",2,"CH",,,42,96065,,
"F","PRINCEWILL EHIBHATIOMHAN","Salford",2,"L2",,"Southampton",29,209649,,
"F","PROMISE OMOCHERE","Bristol Rovers",2,"L2",,,15,117184,,
"F","SAM GALLAGHER","Stoke",2,"CH",,,20,73520,,
"F","SAM VOKES","Gillingham",2,"L2",,,35,45720,,
"F","TANTO OLAOFE","Stockport",2,"L1",,,44,114049,TRUE,
"F","TREY SAMUEL-OGUNSUYI","Shrewsbury",2,"L2",,,13,197561,TRUE,
"F","WILSON ODOBERT","Tottenham",2,"PL",,,26,163877,,
"F","AARON LOUPALO-BI","Walsall",1,"L2",,,31,78063,TRUE,
"F","ALFIE LLOYD","Lincoln",1,"CH","P","Qpr",29,136407,,
"F","ALI AL-HAMADI","Luton",1,"L1",,,16,146038,TRUE,
"F","ANDREAS WEIMANN","Derby",1,"CH",,,27,55370,,
"F","ANJOLA POPOOLA","Accrington",1,"L2",,,42,134897,TRUE,
"F","ANJOLA POPOOLA","Accrington",1,"L2",,,20,145391,TRUE,
"F","ARMANDO BROJA","Burnley",1,"CH","R",,26,123411,,
"F","AUGUST PRISKE","Birmingham",1,"CH",,,18,179346,,
"F","AUGUSTUS KARGBO","Blackburn",1,"CH",,,11,114454,,
"F","BOBBY WALES","Swansea",1,"CH",,,10,165753,,
"F","BRADLEY FINK","Wycombe",1,"L1",,,25,160348,,
"F","BRITT ASSOMBALONGA","Barnet",1,"L2",,,17,59419,,
"F","CALLUM MORTON","Bristol Rovers",1,"L2",,,40,65785,TRUE,
"F","CALLUM STEWART","Shrewsbury",1,"L2",,,7,196201,,
"F","CAMERON GARDNER","Grimsby",1,"L2",,,8,183214,,TRUE
"F","CHUKS ANEKE","Shrewsbury",1,"L2",,,40,71250,TRUE,
"F","DAJAUNE BROWN","Port Vale",1,"L2","R","Derby",31,174067,,
"F","DAVID ABIMBOLA","Accrington",1,"L2",,,11,198052,TRUE,
"F","DOM DWYER","Mansfield",1,"L1",,,17,91128,,
"F","DYLAN JONES","Tranmere",1,"L2",,"Norwich City",4,205303,,
"F","ENES ÜNAL","Bournemouth",1,"PL","EL",,24,71736,,
"F","GASSAN AHADME","Stevenage",1,"L1",,"Cambridge",14,125329,,
"F","GEORGE EVANS","Bromley",1,"L1","P",,4,199546,,
"F","GEORGE EVANS","Bromley",1,"L1","P","Burton",39,67638,,TRUE
"F","GEORGE SEBINE","Huddersfield",1,"L1",,,6,199160,,
"F","HARRY CORNICK","Stevenage",1,"L1",,"Bristol City",9,72467,,
"F","HARRY SMITH","Swindon",1,"L2",,,5,94740,,
"F","IKÉ UGBO","Sheffield Wednesday",1,"L1","R",,24,96786,,
"F","JACK GRIEVES","Watford",1,"CH",,,5,160709,,
"F","JACOB BROWN","Portsmouth",1,"CH",,"Reading",23,98332,,
"F","JAMES CROLE","Newport",1,"L2",,"Newport County",22,172188,,
"F","JOE GBODÉ","Gillingham",1,"L2",,,10,146693,TRUE,
"F","JOËL PIROE","Leeds",1,,,,21,113416,,
"F","JOVAN MALCOLM","Barrow",1,"NL","R","Stevenage",23,134564,,
"F","JUDE SOONSUP-BELL","Grimsby",1,"L2",,,26,144396,,
"F","KIAN HARRATT","Oldham",1,"L2",,,28,78150,TRUE,
"F","KLAIDI LOLOS","Crawley",1,"L2",,"Peterborough",21,111911,,TRUE
"F","LASSE NORDÅS","Luton",1,"L1",,,13,139273,,
"F","LEO FARRELL","Barnsley",1,"L1",,,12,195991,,
"F","LEVI AMANTCHI","Rochdale",1,"L2","P",,30,122953,TRUE,
"F","LEWIS MCCANN","Fleetwood",1,"L2",,,18,113396,,
"F","LORENZO LUCCA","Nottingham Forest",1,"PL",,,35,126929,TRUE,
"F","LOUIS MOULT","Crewe",1,"L2",,,18,52132,,
"F","MAKENZIE KIRK","Portsmouth",1,"CH",,"Barnsley",14,144243,,
"F","MARCUS EDWARDS","Burnley",1,"CH","R",,26,93680,,
"F","MARCUS WYLLIE","Gillingham",1,"L2",,,42,124487,TRUE,
"F","MARK O'MAHONY","Reading",1,"L1",,"Brighton",20,166677,,
"F","MEES RIJKS","Bristol Rovers",1,"L2",,,13,158819,,
"F","MICHAEL REINDORF","Newport",1,"L2",,"Cardiff",20,196411,,
"F","NIK PRELEC","Oxford",1,"L1","R",,14,55513,TRUE,
"F","OMAR BOGLE","Crewe",1,"L2",,,16,79428,,
"F","PEMI ADEROJU","Peterborough",1,"L1",,,27,81241,TRUE,
"F","RÓBERT BOŽENÍK","Stoke",1,"CH",,,24,120637,,
"F","RODRIGO MUNIZ","Fulham",1,"PL",,,25,144419,,
"F","RONAN COUGHLAN","Fleetwood",1,"L2",,,12,111602,,
"F","SCOTT HOGAN","Milton Keynes",1,"L1","P","Milton Keynes Dons",23,52994,,
"F","SONNY COX","Exeter",1,"L2","R",,25,133477,,
"F","TAYLAN HARRIS","Tranmere",1,"L2",,"Luton",15,182818,,
"F","TAYO SINGERR","Portsmouth",1,"CH",,,2,201394,,
"F","TOBI ADEYEMO","Crawley",1,"L2",,,12,172176,,
"F","TYRELL SELLARS-FLEMING","Grimsby",1,"L2",,"Hull",11,160469,,
"F","VICTOR ADEBOYEJO","Mansfield",1,"L1",,"Bromley",17,78593,,
"F","WILLIAM GRAINGER","Sheffield Wednesday",1,"L1","R",,8,209868,,
"F","ZEPIQUENO REDMOND","Huddersfield",1,"L1",,"Aston Villa",3,162232,,
